parameters,Mean,MCSE,StdDev,MAD,5%,50%,95%,ESS_bulk,ESS_tail,R_hat
lp__,-21120.2,0.914623,27.0305,27.1316,-21164.4,-21119.9,-21075.3,879.082,1509.5,1.00601
alpha,2.21621,0.00208697,0.157749,0.158824,1.96026,2.21856,2.47256,5789.35,2956.38,1.00063
"thetas[1,1]",-10.9089,0.0554534,2.87588,2.84496,-15.7068,-10.8487,-6.28329,2759.33,2771.48,1.00121
"thetas[1,2]",-6.04546,0.054724,2.62749,2.59042,-10.3747,-6.0698,-1.69091,2329.38,2690.29,1.00116
"thetas[1,3]",-8.57119,0.0549391,2.61767,2.62299,-12.8191,-8.57744,-4.36795,2295.4,3097.93,1.00003
"thetas[1,4]",-10.572,0.057473,2.58887,2.55111,-14.9087,-10.4946,-6.40134,2061.68,2695.8,1.00014
"thetas[1,5]",-5.34349,0.0556507,2.61588,2.59535,-9.57159,-5.36898,-1.00829,2238.5,2756.22,1.00066
"thetas[1,6]",-5.25589,0.0561434,2.60022,2.65252,-9.4741,-5.23606,-0.984831,2162.74,2423.49,1.00143
"thetas[1,7]",-5.13553,0.0487946,2.60337,2.63525,-9.46698,-5.15313,-0.793011,2865.38,2973.85,1.00079
"thetas[1,8]",-2.75573,0.0577764,2.62464,2.56183,-7.13846,-2.76613,1.60484,2103.72,2662.37,1.00226
"thetas[1,9]",-1.53392,0.0594481,2.6149,2.70482,-5.72431,-1.54635,2.74033,1886.81,2606.74,1.00285
"thetas[1,10]",-1.33433,0.0513469,2.56157,2.60815,-5.58195,-1.3495,2.91843,2503.75,2879.48,1.00201
"thetas[1,11]",-7.02062,0.0513148,2.60521,2.5821,-11.3919,-6.97182,-2.78489,2718.48,2893.95,1.00209
"thetas[1,12]",-3.21304,0.053841,2.64258,2.69502,-7.55663,-3.19568,1.07277,2466.58,2577.64,1.00092
"thetas[1,13]",-2.51865,0.0537092,2.6149,2.67167,-6.87009,-2.55828,1.7436,2384.12,2816.26,1.00139
"thetas[1,14]",2.61269,0.0486946,2.55185,2.54387,-1.56375,2.62332,6.6835,2772.22,2808.73,0.999907
"thetas[1,15]",2.9876,0.0492349,2.56745,2.5825,-1.22966,2.98451,7.11134,2789.64,2617.82,1.00009
"thetas[1,16]",7.2031,0.0527426,2.62248,2.57379,3.01739,7.19238,11.4576,2559.47,2625.28,0.9998
"thetas[1,17]",2.55511,0.0454342,2.65281,2.60583,-1.77172,2.55307,6.97101,3576.59,2841.09,1.00066
"thetas[1,18]",-3.15724,0.0497954,2.53876,2.46514,-7.45806,-3.15545,0.93331,2661.41,2866.56,1.00109
"thetas[1,19]",-7.43399,0.0541729,2.60884,2.62946,-11.776,-7.3936,-3.16292,2465.04,2672.95,1.0024
"thetas[1,20]",-3.14689,0.0563932,2.60853,2.63894,-7.39596,-3.17278,1.05906,2274.65,2798.54,1.00257
"thetas[1,21]",1.36789,0.050491,2.57499,2.67141,-2.87962,1.40306,5.58693,2714.16,2871.47,1.00322
"thetas[1,22]",2.44394,0.0496895,2.58112,2.52866,-1.69949,2.4051,6.77238,2781.23,2899.5,1.00242
"thetas[1,23]",-3.54448,0.0503014,2.4778,2.45595,-7.70066,-3.566,0.563238,2512.85,2798.54,1.00207
"thetas[1,24]",-4.17334,0.0479876,2.50888,2.49563,-8.32262,-4.21716,0.114151,2803.89,2726.0,1.00289
"thetas[1,25]",0.153885,0.0463794,2.63398,2.61253,-4.13062,0.171326,4.49864,3311.67,2919.59,1.00079
"thetas[2,1]",-6.28305,0.0575306,2.92876,2.83138,-11.0894,-6.28435,-1.50821,2666.31,2572.05,1.00054
"thetas[2,2]",-3.71296,0.0532919,2.63015,2.61093,-8.09787,-3.72437,0.644432,2513.83,2638.73,1.00084
"thetas[2,3]",1.06654,0.0558723,2.58322,2.46695,-3.25474,1.05034,5.30544,2158.85,2593.52,1.00061
"thetas[2,4]",-4.17848,0.0536303,2.62319,2.62696,-8.52362,-4.19497,0.175257,2406.17,2715.62,1.00043
"thetas[2,5]",-1.69015,0.0561759,2.62064,2.61677,-5.92038,-1.7224,2.59667,2181.6,2699.29,1.00055
"thetas[2,6]",-0.927875,0.0495754,2.69391,2.69461,-5.33491,-0.968275,3.54244,3051.87,2691.43,1.00075
"thetas[2,7]",-2.76688,0.048112,2.58362,2.58972,-6.92765,-2.75887,1.46502,2923.64,3000.31,1.00111
"thetas[2,8]",-5.76453,0.0478531,2.64114,2.5394,-10.1054,-5.74904,-1.41268,3077.11,2351.48,1.00222
"thetas[2,9]",1.48987,0.0484458,2.5902,2.58489,-2.7847,1.50426,5.81212,2887.83,2924.32,1.00305
"thetas[2,10]",3.5668,0.0532506,2.51196,2.4747,-0.534123,3.52475,7.77098,2188.28,2664.2,1.00406
"thetas[2,11]",5.54283,0.0546267,2.60133,2.56416,1.14451,5.59226,9.77529,2259.98,3059.07,1.00246
"thetas[2,12]",3.85294,0.0559288,2.63375,2.63789,-0.394987,3.83261,8.12406,2226.32,2577.37,1.00247
"thetas[2,13]",4.19388,0.0523779,2.66012,2.66936,-0.0592947,4.16326,8.58889,2611.19,2733.67,1.0005
"thetas[2,14]",-1.69562,0.0558692,2.60522,2.66211,-6.0298,-1.65796,2.48331,2227.16,2786.6,1.00101
"thetas[2,15]",-1.75635,0.0540005,2.55591,2.56622,-5.97919,-1.74688,2.47675,2276.46,2784.84,1.00166
"thetas[2,16]",-0.292603,0.0550076,2.57101,2.59036,-4.43565,-0.32391,3.94397,2265.49,2730.89,1.0009
"thetas[2,17]",5.50003,0.0610587,2.62391,2.59207,1.24891,5.39009,9.98708,1951.35,2124.89,1.00261
"thetas[2,18]",3.1462,0.0499314,2.58562,2.62576,-1.06206,3.18403,7.37938,2715.38,2668.01,1.00242
"thetas[2,19]",0.403302,0.0594097,2.66816,2.66957,-3.94125,0.438209,4.76797,2136.71,2731.95,1.00318
"thetas[2,20]",-0.193637,0.0534484,2.57737,2.5146,-4.36064,-0.16983,4.11434,2358.18,2860.39,1.0019
"thetas[2,21]",-1.14029,0.0522037,2.66445,2.66488,-5.51768,-1.14603,3.24261,2626.97,2515.68,1.00119
"thetas[2,22]",-5.4437,0.050108,2.48851,2.50616,-9.49128,-5.39612,-1.3937,2475.58,3097.67,1.00395
"thetas[2,23]",-2.71888,0.0521726,2.57507,2.53651,-6.94182,-2.72226,1.55792,2487.21,2876.18,1.00205
"thetas[2,24]",-3.63923,0.0470812,2.58542,2.50616,-7.88352,-3.65848,0.546779,3136.38,2556.08,1.00218
"thetas[2,25]",-2.36916,0.053903,2.65096,2.72077,-6.716,-2.3719,2.02829,2514.94,2990.97,1.00114
"thetas[3,1]",6.34543,0.0557707,2.87457,2.82225,1.67282,6.26632,11.0705,2656.72,2626.77,1.00237
"thetas[3,2]",2.84325,0.0596994,2.67717,2.66657,-1.6564,2.85812,7.28143,2059.48,2711.53,1.00156
"thetas[3,3]",0.172675,0.063726,2.64801,2.60417,-4.23771,0.178059,4.52012,1764.78,1868.68,1.00069
"thetas[3,4]",4.23896,0.0607134,2.59167,2.59838,0.0132902,4.21865,8.60162,1863.43,2273.86,1.00226
"thetas[3,5]",3.74405,0.0572259,2.64579,2.634,-0.607628,3.7202,8.12057,2202.21,2653.52,1.00118
"thetas[3,6]",0.962855,0.0565381,2.61669,2.63571,-3.26247,0.955273,5.25985,2228.74,2448.43,1.0
"thetas[3,7]",5.07019,0.0530195,2.55863,2.59071,0.80642,5.04506,9.34602,2362.87,2838.71,1.00015
"thetas[3,8]",-1.11813,0.0510062,2.60747,2.62297,-5.47563,-1.08353,3.18285,2628.7,3033.71,1.00183
"thetas[3,9]",6.35031,0.0532812,2.59262,2.60351,1.9654,6.44805,10.5442,2396.84,3016.53,1.00071
"thetas[3,10]",7.01488,0.0539877,2.54279,2.5926,2.9008,6.97979,11.1888,2192.31,2657.07,1.00383
"thetas[3,11]",5.80348,0.0492229,2.6587,2.62866,1.48451,5.78947,10.2489,2938.44,2654.74,1.00146
"thetas[3,12]",5.23447,0.0571077,2.65112,2.66555,0.937194,5.20381,9.66321,2091.48,2799.56,1.00188
"thetas[3,13]",3.03557,0.053816,2.65094,2.66354,-1.27573,3.01002,7.46065,2440.53,2613.21,1.00041
"thetas[3,14]",0.171406,0.0491369,2.61371,2.54941,-4.10846,0.160677,4.47732,2856.91,2771.71,1.00158
"thetas[3,15]",2.708,0.0532039,2.56722,2.5232,-1.46409,2.67669,6.8732,2420.05,2905.78,1.00112
"thetas[3,16]",-1.18086,0.0527572,2.59345,2.60807,-5.51826,-1.11751,3.03822,2464.83,2261.5,1.0013
"thetas[3,17]",1.3081,0.0502432,2.59333,2.67673,-2.86232,1.32804,5.55686,2712.41,2831.29,1.00057
"thetas[3,18]",3.95241,0.0517659,2.59682,2.54331,-0.264059,3.93458,8.31785,2553.26,2768.01,1.00247
"thetas[3,19]",6.6414,0.0485293,2.57258,2.56048,2.46062,6.62341,10.8998,2835.03,3092.88,1.0016
"thetas[3,20]",11.3317,0.0539481,2.62786,2.61926,6.94468,11.2932,15.7238,2466.52,2560.81,1.00153
"thetas[3,21]",7.78032,0.0487839,2.5955,2.5623,3.61503,7.73637,11.9776,2909.27,2562.8,1.00251
"thetas[3,22]",1.97969,0.0498342,2.56057,2.54436,-2.18698,1.98158,6.15667,2683.01,2812.79,1.00161
"thetas[3,23]",3.49024,0.0489422,2.48978,2.46214,-0.504536,3.43797,7.61611,2649.58,2710.89,1.00076
"thetas[3,24]",9.07051,0.0535113,2.60536,2.63058,4.87833,9.0361,13.3655,2425.41,2696.86,1.00202
"thetas[3,25]",8.34872,0.0534736,2.62815,2.71831,4.05284,8.34731,12.6218,2449.12,2784.17,1.00093
"thetas[4,1]",-1.74745,0.0551951,2.8239,2.79273,-6.28577,-1.78997,3.047,2709.61,2103.63,1.00025
"thetas[4,2]",-5.42597,0.0506317,2.73937,2.71876,-9.94703,-5.42511,-0.904467,2939.63,2809.4,1.00066
"thetas[4,3]",-1.36503,0.0504956,2.61731,2.62887,-5.63302,-1.34004,2.85471,2741.61,2912.78,1.00065
"thetas[4,4]",-0.0181988,0.0539301,2.59708,2.58694,-4.18558,0.0269907,4.31446,2358.13,2741.56,1.00177
"thetas[4,5]",3.44968,0.0589502,2.64088,2.62435,-0.92601,3.4715,7.81824,2024.42,2330.32,1.00134
"thetas[4,6]",-2.30727,0.0505403,2.57766,2.56497,-6.51618,-2.3341,2.05033,2680.76,2725.2,1.00103
"thetas[4,7]",-0.353013,0.0508009,2.6664,2.67626,-4.61958,-0.370646,4.04618,2795.3,2585.95,1.00192
"thetas[4,8]",-2.93207,0.0486577,2.59497,2.66034,-7.21276,-2.87606,1.3012,2873.49,2806.51,1.00174
"thetas[4,9]",-2.22254,0.0477856,2.55245,2.56539,-6.46165,-2.20801,1.96057,2899.02,3005.13,1.0016
"thetas[4,10]",-2.85452,0.0505129,2.58614,2.55622,-7.16456,-2.88398,1.4632,2636.17,2493.53,1.00202
"thetas[4,11]",-4.79036,0.0506519,2.58212,2.57964,-9.16597,-4.73996,-0.626284,2670.15,2532.1,1.00179
"thetas[4,12]",-3.71871,0.0543039,2.62307,2.66882,-8.03264,-3.76206,0.643392,2341.53,2352.74,1.00174
"thetas[4,13]",-4.53426,0.0483683,2.6349,2.59948,-8.82379,-4.53678,-0.231407,2993.92,3073.82,0.999727
"thetas[4,14]",-2.11808,0.0552374,2.58062,2.57499,-6.31203,-2.1043,2.05067,2270.99,2910.09,1.00129
"thetas[4,15]",2.12226,0.0601313,2.64211,2.62033,-2.19322,2.14559,6.3845,1970.21,2675.67,1.00193
"thetas[4,16]",1.23785,0.0544857,2.54556,2.51974,-2.87851,1.21941,5.47547,2191.59,2952.71,1.00169
"thetas[4,17]",0.1643,0.0499215,2.59692,2.58443,-4.12512,0.203615,4.39219,2741.42,2601.85,1.00046
"thetas[4,18]",-2.68009,0.0508323,2.58663,2.65109,-6.98333,-2.62992,1.52564,2622.92,3022.22,1.00014
"thetas[4,19]",-3.72654,0.0539224,2.59097,2.61429,-7.92478,-3.80366,0.587076,2446.22,2952.13,1.0034
"thetas[4,20]",1.80953,0.0564152,2.64603,2.58588,-2.51072,1.76519,6.27612,2285.89,2840.94,1.00186
"thetas[4,21]",6.48817,0.053841,2.52566,2.53263,2.3462,6.50813,10.5918,2292.35,2675.77,1.00146
"thetas[4,22]",8.76584,0.0523168,2.52936,2.45102,4.59332,8.75019,12.952,2492.72,2977.86,1.0017
"thetas[4,23]",9.09022,0.049597,2.52377,2.49613,4.93196,9.11804,13.2682,2503.18,2751.11,1.00266
"thetas[4,24]",7.36467,0.0588776,2.5818,2.59778,3.14229,7.39074,11.6631,1983.84,2439.61,1.00173
"thetas[4,25]",7.17908,0.0429862,2.65611,2.62328,2.81078,7.13685,11.5705,3846.93,2966.66,1.00068
"thetas[5,1]",-1.65373,0.0513759,2.81327,2.85794,-6.30734,-1.64235,2.79418,3074.92,2861.25,1.00077
"thetas[5,2]",-5.98602,0.0529829,2.60956,2.63285,-10.2142,-5.99433,-1.74337,2479.79,2822.73,1.00012
"thetas[5,3]",-3.27951,0.0541043,2.57724,2.56856,-7.43409,-3.33096,0.991737,2293.82,2983.07,1.00067
"thetas[5,4]",-0.645052,0.0607951,2.66116,2.7081,-5.05325,-0.652724,3.65378,1949.17,2338.39,1.00078
"thetas[5,5]",0.676986,0.053164,2.63409,2.59293,-3.56615,0.652595,5.06123,2494.18,2484.61,1.00263
"thetas[5,6]",3.39289,0.0562789,2.57317,2.55714,-0.848298,3.3543,7.78857,2067.08,2418.04,1.00084
"thetas[5,7]",-1.17646,0.0515123,2.54487,2.46195,-5.46346,-1.15156,3.04166,2467.45,2674.12,1.00175
"thetas[5,8]",-2.63952,0.0502335,2.60067,2.62803,-6.90939,-2.60283,1.60278,2748.38,2906.84,1.00126
"thetas[5,9]",2.48418,0.0494508,2.64121,2.64211,-1.84697,2.4906,6.78519,2881.44,2941.77,1.00371
"thetas[5,10]",0.583933,0.0567878,2.63042,2.60667,-3.74676,0.554015,4.92044,2180.29,3155.65,1.00381
"thetas[5,11]",-7.17831,0.0557435,2.65007,2.68085,-11.6023,-7.16662,-2.81534,2287.96,2872.73,1.00062
"thetas[5,12]",-2.01739,0.0510485,2.61627,2.61638,-6.23621,-2.0057,2.26324,2688.74,2951.5,1.00257
"thetas[5,13]",0.843758,0.0529154,2.64446,2.58074,-3.4309,0.830782,5.20631,2589.37,2851.48,1.00183
"thetas[5,14]",5.02041,0.0531438,2.61812,2.65651,0.727109,5.0297,9.27289,2444.6,2453.68,1.00103
"thetas[5,15]",1.10715,0.0457062,2.57401,2.57618,-3.05222,1.13369,5.4041,3201.18,2841.62,1.00288
"thetas[5,16]",6.17732,0.0481088,2.60521,2.55944,1.89797,6.18757,10.4137,3047.64,3134.74,1.00073
"thetas[5,17]",1.13627,0.0551877,2.55849,2.62116,-3.05746,1.1259,5.3703,2427.97,2965.94,1.00186
"thetas[5,18]",2.08254,0.0499519,2.5728,2.60582,-2.25376,2.14066,6.26144,2697.53,2301.13,1.00111
"thetas[5,19]",-0.186407,0.0457259,2.55684,2.48027,-4.37396,-0.229751,4.06315,3178.16,2485.16,1.0021
"thetas[5,20]",-4.51532,0.0484661,2.58032,2.64316,-8.68671,-4.55177,-0.27365,3025.02,2809.2,1.00135
"thetas[5,21]",-2.96578,0.0556147,2.61115,2.49407,-7.20284,-3.04442,1.45425,2230.18,2693.42,1.0038
"thetas[5,22]",-4.3943,0.0505939,2.53675,2.50551,-8.61588,-4.36758,-0.176813,2576.76,2718.68,1.00188
"thetas[5,23]",-3.46331,0.0520717,2.50133,2.50576,-7.61365,-3.47308,0.629525,2352.34,2743.43,1.0032
"thetas[5,24]",-8.27625,0.0465508,2.49469,2.48504,-12.2137,-8.27377,-4.05764,3018.87,2951.01,1.00168
"thetas[5,25]",-9.19102,0.0487222,2.6321,2.5193,-13.5149,-9.20796,-4.85507,3032.33,2906.24,1.00073
"thetas[6,1]",-3.9372,0.0592954,2.768,2.79801,-8.51691,-3.88633,0.6072,2250.42,2848.72,1.00088
"thetas[6,2]",2.59931,0.0612367,2.62226,2.64903,-1.64436,2.56408,6.8756,1877.97,2587.88,1.00133
"thetas[6,3]",-3.32172,0.0595373,2.71051,2.71838,-7.73748,-3.35614,1.10966,2185.0,2050.64,1.0007
"thetas[6,4]",-3.90883,0.0510337,2.62112,2.6548,-8.16891,-3.96589,0.364914,2683.54,2695.75,0.999989
"thetas[6,5]",-4.60373,0.048041,2.55349,2.47553,-8.86799,-4.61071,-0.456305,2869.6,2723.09,0.999729
"thetas[6,6]",1.27588,0.0504335,2.59558,2.55347,-2.99969,1.27662,5.45535,2672.44,2661.7,1.00042
"thetas[6,7]",5.18011,0.048683,2.64291,2.62416,0.828093,5.17037,9.5855,2967.25,3014.86,1.00229
"thetas[6,8]",0.99653,0.0539528,2.57759,2.52892,-3.34059,0.986606,5.26566,2344.98,2511.6,1.00178
"thetas[6,9]",0.908413,0.0481245,2.65065,2.66466,-3.5159,0.894626,5.36888,3178.04,2684.17,1.00021
"thetas[6,10]",-1.16251,0.0508519,2.61148,2.62048,-5.44744,-1.19686,3.14781,2664.91,2962.76,1.00282
"thetas[6,11]",2.29631,0.0591118,2.64763,2.65831,-2.10732,2.34181,6.52034,2271.37,2693.21,1.00603
"thetas[6,12]",2.09656,0.0554351,2.57741,2.60239,-2.08717,2.08652,6.30714,2213.55,2775.04,1.00305
"thetas[6,13]",3.62083,0.0500347,2.5897,2.58311,-0.556477,3.52868,7.92573,2767.65,2603.04,1.00144
"thetas[6,14]",-1.47872,0.0562376,2.64271,2.66349,-5.83578,-1.41014,2.7187,2265.83,2625.57,1.0028
"thetas[6,15]",-4.68596,0.0610324,2.62695,2.62654,-8.99194,-4.70733,-0.401448,1876.34,2862.24,1.00167
"thetas[6,16]",-3.47052,0.0557275,2.56013,2.5623,-7.71754,-3.46679,0.691808,2160.01,2704.66,1.00215
"thetas[6,17]",-5.27474,0.05028,2.54916,2.555,-9.49624,-5.30237,-1.05764,2639.65,2494.05,1.00131
"thetas[6,18]",-1.44687,0.0518268,2.56201,2.57694,-5.67076,-1.44072,2.76116,2392.92,2485.82,1.00211
"thetas[6,19]",3.89372,0.0537264,2.62902,2.59456,-0.474117,3.86705,8.2791,2432.93,2152.12,1.00458
"thetas[6,20]",0.153135,0.0480622,2.55918,2.49714,-4.08032,0.156606,4.35325,2866.55,2776.16,1.00154
"thetas[6,21]",-0.856569,0.0479423,2.67641,2.66869,-5.24507,-0.885707,3.44928,3164.72,2627.87,1.00075
"thetas[6,22]",-4.02594,0.0501202,2.54574,2.5015,-8.22269,-4.00764,0.14184,2679.2,2435.96,1.00074
"thetas[6,23]",-5.29886,0.0546663,2.52324,2.56439,-9.28872,-5.32347,-1.13099,2138.75,2915.02,1.00145
"thetas[6,24]",-2.18501,0.0482301,2.50963,2.50168,-6.3636,-2.14984,1.94955,2778.51,2950.05,1.00185
"thetas[6,25]",-2.43082,0.0481685,2.63248,2.61173,-6.71363,-2.45695,1.88782,3026.52,3189.17,1.00208
"thetas[7,1]",-7.861,0.0557637,2.87869,2.855,-12.5745,-7.8422,-3.19255,2742.02,3181.81,1.00144
"thetas[7,2]",-5.37961,0.0586598,2.72756,2.75709,-9.87476,-5.45256,-0.898459,2234.41,2538.93,1.00132
"thetas[7,3]",-7.54172,0.0630638,2.57773,2.59832,-11.7227,-7.56091,-3.18435,1700.47,2516.52,1.00067
"thetas[7,4]",-2.66351,0.0608036,2.63092,2.69311,-6.88491,-2.6437,1.65648,1983.89,2428.75,1.0013
"thetas[7,5]",0.979746,0.0519288,2.55042,2.55773,-3.20051,1.01465,5.14653,2386.86,2490.24,1.0023
"thetas[7,6]",3.28937,0.0476978,2.59293,2.57667,-0.986405,3.2696,7.5094,3014.72,2962.54,1.00007
"thetas[7,7]",2.58762,0.0540134,2.66477,2.64511,-1.71207,2.57096,6.98335,2413.64,2685.58,1.00043
"thetas[7,8]",-1.04131,0.0541634,2.58578,2.61019,-5.3634,-1.02043,3.16084,2286.25,2278.87,1.00127
"thetas[7,9]",-4.62053,0.0539405,2.57836,2.53012,-8.82073,-4.68493,-0.337477,2391.21,2948.04,1.00244
"thetas[7,10]",-0.459389,0.059166,2.64335,2.60313,-4.87039,-0.486536,3.95128,2096.76,2654.98,1.00421
"thetas[7,11]",-1.19815,0.0510373,2.65325,2.61192,-5.61841,-1.21446,3.18593,2697.09,3073.73,1.0033
"thetas[7,12]",0.689378,0.0549925,2.62087,2.63769,-3.65947,0.732522,4.96523,2285.63,2545.81,1.00374
"thetas[7,13]",2.90463,0.0554479,2.64957,2.68052,-1.50854,2.93236,7.25337,2319.18,2660.9,1.00127
"thetas[7,14]",5.18638,0.0513028,2.6181,2.49154,0.934533,5.15564,9.5965,2659.81,2857.32,1.00106
"thetas[7,15]",2.81998,0.0520096,2.59935,2.58572,-1.39859,2.79992,7.16116,2568.81,2696.96,1.00153
"thetas[7,16]",5.90411,0.0534675,2.58743,2.56194,1.70401,5.89469,10.3153,2386.4,3355.18,1.00117
"thetas[7,17]",1.05432,0.0519997,2.51721,2.51386,-3.14307,1.04186,5.21216,2399.19,2657.18,1.00099
"thetas[7,18]",-2.91744,0.0552606,2.54486,2.57558,-7.12708,-2.96023,1.38921,2171.3,2727.16,1.0015
"thetas[7,19]",-4.19557,0.0518169,2.6466,2.67463,-8.48185,-4.2688,0.163731,2676.97,2935.22,1.0013
"thetas[7,20]",-6.12382,0.0500166,2.6422,2.72729,-10.4504,-6.13081,-1.82417,2904.42,2846.65,1.00123
"thetas[7,21]",-4.76315,0.0512507,2.61146,2.60932,-9.00366,-4.79276,-0.406502,2710.06,2489.86,1.0001
"thetas[7,22]",2.06838,0.0525716,2.56679,2.60773,-2.13479,2.03116,6.29335,2410.3,2847.87,1.00158
"thetas[7,23]",4.38522,0.0535979,2.59697,2.66237,0.274006,4.34601,8.64112,2375.01,2151.89,1.00237
"thetas[7,24]",1.2891,0.053245,2.56285,2.57047,-2.86839,1.31,5.55335,2378.47,2666.73,1.00226
"thetas[7,25]",1.41609,0.0491149,2.59333,2.5672,-2.80513,1.45991,5.64665,2769.31,2838.0,1.00122
"thetas[8,1]",-10.0673,0.0588788,2.93135,2.88532,-14.9118,-10.0775,-5.35104,2534.94,2646.14,1.00162
"thetas[8,2]",-2.9798,0.0595194,2.6647,2.56969,-7.34662,-2.96814,1.42265,2034.33,2663.04,1.00041
"thetas[8,3]",-0.351142,0.0612267,2.67257,2.76763,-4.72725,-0.309693,4.1024,1935.67,3162.49,1.00008
"thetas[8,4]",-2.63059,0.0562073,2.62684,2.69874,-6.94763,-2.60328,1.73182,2234.32,2740.66,1.00122
"thetas[8,5]",-4.06177,0.0528502,2.63056,2.64078,-8.42176,-4.08956,0.242815,2517.24,3124.0,1.00159
"thetas[8,6]",-3.79209,0.0513551,2.62469,2.65267,-8.06946,-3.75007,0.56057,2659.11,3076.31,1.00098
"thetas[8,7]",-4.60479,0.0540589,2.6019,2.63611,-8.89206,-4.60994,-0.320778,2366.62,2694.33,1.00165
"thetas[8,8]",-1.67466,0.0496055,2.59216,2.60875,-5.99982,-1.69534,2.59587,2764.63,2776.86,1.00076
"thetas[8,9]",-4.4377,0.0594421,2.54293,2.54058,-8.61796,-4.40651,-0.1628,1867.14,2516.51,1.00212
"thetas[8,10]",-5.80001,0.0583721,2.57438,2.5322,-10.0565,-5.81863,-1.50659,1957.22,2645.76,1.00243
"thetas[8,11]",-3.23902,0.0534937,2.60417,2.6016,-7.47791,-3.20941,0.973476,2389.02,2802.46,1.00459
"thetas[8,12]",-4.4987,0.0531867,2.59634,2.55642,-8.78452,-4.53371,-0.175976,2410.49,3113.04,1.00219
"thetas[8,13]",-4.23781,0.0535147,2.61656,2.65846,-8.6349,-4.20038,0.0724622,2407.28,2588.34,1.0017
"thetas[8,14]",-5.00416,0.0552932,2.61589,2.6127,-9.27242,-4.9932,-0.663509,2262.91,2937.27,1.00145
"thetas[8,15]",-4.18262,0.056674,2.63514,2.64766,-8.46869,-4.17523,0.16123,2225.23,2653.94,1.00165
"thetas[8,16]",-6.95625,0.0519003,2.59139,2.59482,-11.3057,-6.90816,-2.80259,2542.15,2700.72,1.00104
"thetas[8,17]",-8.7939,0.0536684,2.60088,2.64207,-13.1327,-8.74773,-4.56156,2378.26,2885.73,1.00389
"thetas[8,18]",-8.11478,0.0484485,2.58431,2.62144,-12.3525,-8.12814,-3.94976,2852.56,3170.27,1.0021
"thetas[8,19]",-2.63918,0.0502296,2.60028,2.60264,-6.8368,-2.65574,1.67086,2763.5,2499.16,1.00061
"thetas[8,20]",-2.26862,0.0515704,2.62802,2.6887,-6.50945,-2.26246,2.0332,2647.31,2990.27,1.00126
"thetas[8,21]",-1.74644,0.0502171,2.62505,2.61628,-6.05208,-1.71452,2.52535,2807.73,2534.81,1.00311
"thetas[8,22]",-1.1438,0.0545514,2.55138,2.50459,-5.24682,-1.19509,3.2069,2266.87,2869.39,1.00101
"thetas[8,23]",-0.599725,0.0530895,2.53073,2.56914,-4.75541,-0.580263,3.50236,2298.0,3021.17,1.00166
"thetas[8,24]",0.0376322,0.049856,2.57498,2.5571,-4.17495,0.0120483,4.28714,2734.99,2787.25,1.00145
"thetas[8,25]",-5.87773,0.0444302,2.64025,2.63027,-10.2594,-5.92563,-1.50393,3581.05,3102.24,0.999739
"thetas[9,1]",-3.96971,0.0528017,2.84844,2.86407,-8.71998,-3.95353,0.713891,2940.66,2386.26,1.00058
"thetas[9,2]",-5.19526,0.0524235,2.65701,2.62321,-9.55398,-5.13597,-0.919023,2653.82,2161.71,1.00227
"thetas[9,3]",-5.61856,0.0496666,2.60072,2.66488,-9.8043,-5.60061,-1.4091,2783.03,3172.96,1.00033
"thetas[9,4]",-1.61154,0.0528473,2.63864,2.63947,-5.9288,-1.61258,2.67516,2512.42,2612.83,1.00152
"thetas[9,5]",-4.16815,0.0515413,2.66156,2.67237,-8.60297,-4.17045,0.274767,2716.26,2726.89,0.999704
"thetas[9,6]",0.688277,0.0502123,2.5996,2.59973,-3.60444,0.676441,5.05086,2714.99,2623.99,1.00072
"thetas[9,7]",3.74782,0.0484921,2.64535,2.68305,-0.539045,3.71636,8.05891,2981.38,2826.69,1.00334
"thetas[9,8]",6.03686,0.0457459,2.61736,2.59558,1.6709,6.04969,10.4835,3361.31,2424.23,1.0012
"thetas[9,9]",2.25345,0.0518548,2.55351,2.57825,-1.83497,2.23665,6.40627,2456.14,2600.1,1.00259
"thetas[9,10]",4.30595,0.0533948,2.53788,2.526,0.183748,4.32025,8.44873,2265.91,2093.0,1.0033
"thetas[9,11]",-0.113997,0.0527323,2.61193,2.60528,-4.46557,-0.109027,4.11794,2498.03,2744.73,1.00267
"thetas[9,12]",0.789706,0.0503628,2.63925,2.6404,-3.46925,0.810985,5.07074,2755.06,2766.82,1.00112
"thetas[9,13]",0.100633,0.0522375,2.55192,2.52267,-3.98803,0.0684581,4.38248,2384.55,2621.81,1.00138
"thetas[9,14]",0.63193,0.0524761,2.59547,2.57361,-3.68371,0.590466,4.89215,2415.08,2576.16,1.00057
"thetas[9,15]",2.94994,0.0519934,2.57282,2.55825,-1.22838,2.89577,7.29056,2484.75,2771.69,1.00132
"thetas[9,16]",-1.60591,0.0536396,2.62349,2.6351,-5.98522,-1.57401,2.71145,2470.4,2943.07,1.00279
"thetas[9,17]",3.74221,0.053249,2.59584,2.60751,-0.601545,3.73551,7.96945,2414.16,2449.0,1.00014
"thetas[9,18]",1.9227,0.0516647,2.60622,2.61479,-2.31582,1.95141,6.10365,2574.27,2935.21,1.00099
"thetas[9,19]",1.40236,0.0515124,2.58351,2.51224,-2.77439,1.44048,5.66436,2543.56,3064.9,1.00059
"thetas[9,20]",3.36381,0.0574151,2.59142,2.52591,-0.994985,3.36454,7.60532,2177.93,2687.4,1.00158
"thetas[9,21]",-0.717118,0.0533324,2.60968,2.54717,-5.13838,-0.699402,3.5275,2469.9,1962.03,1.00087
"thetas[9,22]",6.56113,0.0569016,2.55449,2.62202,2.37533,6.55865,10.8223,2055.45,2619.48,1.00207
"thetas[9,23]",6.08289,0.0547583,2.47172,2.42981,1.95899,6.11628,10.2313,2114.13,2409.04,1.00243
"thetas[9,24]",6.47733,0.050172,2.59229,2.58884,2.27451,6.4497,10.6738,2846.53,2717.29,1.00201
"thetas[9,25]",-2.80551,0.0536857,2.6788,2.61987,-7.16621,-2.88622,1.68617,2513.69,2916.91,1.00319
"thetas[10,1]",4.33494,0.0546142,2.86623,2.82908,-0.382461,4.31282,9.02086,2792.36,3037.12,1.00093
"thetas[10,2]",1.73342,0.05055,2.65712,2.63099,-2.53786,1.74287,6.11348,2826.16,3052.72,1.00054
"thetas[10,3]",3.78045,0.0543334,2.63995,2.58339,-0.516456,3.82415,8.06755,2392.61,2718.66,1.00078
"thetas[10,4]",4.96575,0.0557674,2.65421,2.62075,0.579882,4.97345,9.30456,2300.26,2776.04,1.00121
"thetas[10,5]",5.44133,0.0495659,2.58502,2.65239,1.24484,5.4577,9.70753,2749.42,2416.36,1.0015
"thetas[10,6]",7.02742,0.0489323,2.48697,2.53021,2.91616,6.99622,11.1245,2636.09,3053.29,1.00056
"thetas[10,7]",1.50726,0.0551423,2.54977,2.57703,-2.65849,1.50274,5.61565,2164.48,3051.77,1.00199
"thetas[10,8]",-3.20519,0.0520847,2.64563,2.66677,-7.64352,-3.17026,1.16121,2590.89,2724.24,1.00143
"thetas[10,9]",-3.91392,0.0531462,2.58895,2.54135,-8.17865,-3.93487,0.20356,2394.95,2777.33,1.00113
"thetas[10,10]",-1.54867,0.0534633,2.60916,2.59523,-5.87483,-1.54618,2.73107,2412.09,2904.59,1.00181
"thetas[10,11]",-5.66408,0.0496506,2.60682,2.67435,-9.9324,-5.65048,-1.38379,2788.06,2801.79,1.00192
"thetas[10,12]",-2.4189,0.0519152,2.63777,2.68464,-6.78172,-2.36484,1.96011,2641.28,2690.16,1.00059
"thetas[10,13]",7.65239,0.0542864,2.6128,2.59586,3.32724,7.62175,12.0061,2396.59,2316.24,1.00126
"thetas[10,14]",9.37785,0.051588,2.64322,2.63317,5.07242,9.38753,13.6721,2712.39,2722.87,1.00068
"thetas[10,15]",7.84725,0.0514325,2.59522,2.61205,3.53912,7.86398,12.0376,2602.92,2334.56,1.0009
"thetas[10,16]",4.58009,0.0526095,2.59341,2.65276,0.304578,4.58824,8.80384,2458.94,2975.3,1.00046
"thetas[10,17]",2.22765,0.0520553,2.6779,2.66669,-2.15028,2.24991,6.64269,2718.38,2680.0,1.00049
"thetas[10,18]",-3.09978,0.0475388,2.5711,2.59385,-7.32123,-3.09496,1.07084,2944.29,2964.46,1.00138
"thetas[10,19]",-1.50697,0.0511035,2.56587,2.50252,-5.81907,-1.55035,2.80702,2540.83,2631.95,1.00093
"thetas[10,20]",-2.34754,0.0497349,2.54194,2.52617,-6.54067,-2.25129,1.8031,2663.88,2737.85,1.00075
"thetas[10,21]",-4.45517,0.0499795,2.65211,2.66527,-8.78346,-4.45293,-0.157412,2861.97,2756.89,1.00147
"thetas[10,22]",-1.62828,0.0560661,2.61434,2.55242,-5.93211,-1.62845,2.65377,2217.59,2645.57,1.00198
"thetas[10,23]",-3.09713,0.0553989,2.57138,2.59815,-7.32214,-3.11326,1.16755,2199.15,2609.21,1.0029
"thetas[10,24]",-1.58812,0.0503015,2.54657,2.57673,-5.69865,-1.59259,2.59712,2582.34,2570.13,1.00158
"thetas[10,25]",3.83269,0.0498212,2.664,2.63454,-0.550333,3.8121,8.26307,2900.53,2985.72,1.00042
"thetas[11,1]",-0.948236,0.0609558,2.81329,2.85479,-5.58474,-0.944951,3.68577,2201.61,2659.8,1.00004
"thetas[11,2]",-6.49308,0.0614423,2.62087,2.59118,-10.8736,-6.47881,-2.20037,1911.41,2625.25,1.00137
"thetas[11,3]",-7.67461,0.0544322,2.65789,2.71341,-12.0832,-7.70958,-3.25041,2417.17,3034.63,1.00147
"thetas[11,4]",-6.17318,0.0523095,2.61516,2.63621,-10.4937,-6.22919,-1.88255,2567.5,3035.64,1.00037
"thetas[11,5]",-4.73228,0.0463299,2.61229,2.59826,-8.99938,-4.73841,-0.46845,3185.08,2870.02,0.999754
"thetas[11,6]",-5.50761,0.0483398,2.56798,2.58858,-9.67893,-5.54261,-1.21951,2871.99,2887.02,1.00039
"thetas[11,7]",-5.81425,0.0493659,2.55565,2.53037,-10.1068,-5.76277,-1.55237,2715.52,2811.3,1.00086
"thetas[11,8]",-6.07865,0.047638,2.54943,2.52747,-10.2634,-6.09166,-1.83418,2921.16,2881.78,1.00154
"thetas[11,9]",-10.8455,0.0473701,2.60045,2.59989,-15.0796,-10.8403,-6.59673,3102.76,2771.9,1.00014
"thetas[11,10]",-10.0246,0.0498636,2.56906,2.59382,-14.2189,-9.99989,-5.82705,2686.9,2627.16,1.00192
"thetas[11,11]",-0.839423,0.0523117,2.59732,2.64123,-5.10112,-0.821253,3.3061,2502.36,2805.81,1.00218
"thetas[11,12]",3.04464,0.0557789,2.55714,2.57172,-1.18372,3.00962,7.27116,2130.45,2879.51,1.00138
"thetas[11,13]",-1.20618,0.057198,2.61675,2.5962,-5.50564,-1.20683,3.05255,2141.4,2801.37,1.00057
"thetas[11,14]",0.260262,0.0523272,2.62494,2.61667,-4.05407,0.211678,4.57744,2533.48,2958.84,1.00134
"thetas[11,15]",1.34388,0.0558657,2.6479,2.69925,-2.97831,1.28759,5.72476,2296.45,2522.67,1.00198
"thetas[11,16]",-0.691125,0.0502441,2.60459,2.55413,-5.04003,-0.706642,3.62241,2773.89,3042.38,1.00196
"thetas[11,17]",-0.67487,0.0503551,2.60716,2.61884,-4.89459,-0.689016,3.60486,2741.53,3165.18,1.0018
"thetas[11,18]",0.871958,0.0525762,2.64006,2.68588,-3.46291,0.89643,5.1709,2562.31,2891.97,1.00179
"thetas[11,19]",-1.85323,0.0498555,2.55059,2.51498,-6.07372,-1.866,2.35573,2679.43,2782.11,1.00152
"thetas[11,20]",-4.53244,0.0504211,2.59533,2.5664,-8.83229,-4.5279,-0.174675,2689.23,3009.88,1.00018
"thetas[11,21]",-6.65797,0.0486031,2.56824,2.62534,-10.8397,-6.66229,-2.445,2839.96,2211.57,1.00071
"thetas[11,22]",-5.50149,0.0504768,2.59917,2.61895,-9.91029,-5.48616,-1.27345,2722.74,3219.24,1.00263
"thetas[11,23]",0.712321,0.0542758,2.55398,2.53834,-3.40169,0.660558,4.93545,2283.09,2878.97,1.00224
"thetas[11,24]",4.53523,0.0481789,2.49003,2.54883,0.359536,4.52929,8.53041,2699.91,2956.96,1.00213
"thetas[11,25]",9.63415,0.0483718,2.654,2.61507,5.29402,9.64871,14.0322,3005.71,2843.16,1.00135
"thetas[12,1]",2.49986,0.0494948,2.70654,2.74529,-1.80714,2.52368,6.97688,3050.45,2696.78,1.00057
"thetas[12,2]",4.92862,0.0535792,2.60976,2.62127,0.496632,4.97961,9.12158,2430.36,2700.98,1.00044
"thetas[12,3]",3.96948,0.0541339,2.55186,2.54778,-0.282915,3.96516,8.20068,2288.86,2838.94,1.00024
"thetas[12,4]",5.34432,0.0528454,2.5891,2.59838,1.01687,5.35368,9.57356,2438.05,3028.32,1.00058
"thetas[12,5]",1.45343,0.0495634,2.56253,2.59608,-2.81793,1.43691,5.55177,2702.94,3169.21,1.00102
"thetas[12,6]",-1.87524,0.0510839,2.56612,2.49276,-5.95938,-1.89827,2.40373,2528.14,2754.53,1.00092
"thetas[12,7]",-2.03017,0.050416,2.58545,2.52031,-6.32797,-2.03116,2.23057,2684.41,2529.89,1.00056
"thetas[12,8]",4.8805,0.0486189,2.54803,2.55392,0.643496,4.88448,9.15297,2784.15,2883.65,1.00209
"thetas[12,9]",3.86649,0.0525939,2.49422,2.52253,-0.259617,3.90767,7.89812,2336.78,2880.78,1.00118
"thetas[12,10]",7.25133,0.0560193,2.61194,2.58159,2.84229,7.19464,11.5754,2187.76,2710.42,1.00114
"thetas[12,11]",9.04674,0.0533961,2.64033,2.68836,4.75357,9.01223,13.4651,2472.75,2474.05,1.00187
"thetas[12,12]",9.47206,0.0518226,2.634,2.58958,5.09127,9.48274,13.7353,2611.51,2244.95,1.00029
"thetas[12,13]",5.69307,0.0567173,2.61244,2.61064,1.40221,5.69251,10.0068,2158.42,2488.96,1.00037
"thetas[12,14]",1.69019,0.0533663,2.61088,2.73653,-2.58479,1.75566,5.9402,2446.29,3032.74,1.00111
"thetas[12,15]",5.91443,0.0559846,2.60596,2.67158,1.4835,5.92364,10.1729,2230.74,3044.86,1.00441
"thetas[12,16]",3.70037,0.0534313,2.59556,2.53434,-0.619013,3.66669,8.02207,2413.07,2546.21,1.00087
"thetas[12,17]",1.98955,0.0572638,2.60681,2.57503,-2.28076,2.01423,6.23631,2086.15,2718.31,1.00312
"thetas[12,18]",-1.16546,0.0524547,2.55978,2.53243,-5.37749,-1.15979,3.13021,2498.87,2982.75,1.00069
"thetas[12,19]",-0.611293,0.056307,2.60808,2.56446,-4.92255,-0.586527,3.68684,2246.15,2515.46,1.00099
"thetas[12,20]",2.86792,0.051277,2.66248,2.66465,-1.50635,2.86316,7.08146,2752.16,2446.58,1.00152
"thetas[12,21]",5.60726,0.0508856,2.57496,2.61286,1.35977,5.64461,9.86172,2589.01,2693.58,1.00172
"thetas[12,22]",3.99637,0.0591858,2.52097,2.49842,-0.106335,4.01176,8.1651,1902.05,2379.14,1.00061
"thetas[12,23]",1.15044,0.0573129,2.55072,2.57244,-3.0994,1.10452,5.34577,2029.91,2375.33,1.00142
"thetas[12,24]",2.15574,0.0527483,2.48887,2.45129,-1.98226,2.13838,6.23695,2319.14,2773.53,1.0014
"thetas[12,25]",5.41086,0.0502073,2.63172,2.63738,1.02534,5.38316,9.77895,2811.3,2741.24,1.00097
"thetas[13,1]",-3.05751,0.10653,5.48538,5.32141,-12.2964,-2.9362,5.70676,2720.32,2535.28,1.00028
"thetas[13,2]",-4.44335,0.0906628,4.52341,4.52015,-11.997,-4.46772,3.04583,2527.91,2737.7,1.00015
"thetas[13,3]",-6.90025,0.0563932,2.65175,2.69857,-11.1712,-6.92445,-2.63858,2230.83,2889.75,1.00009
"thetas[13,4]",-5.26912,0.0550135,2.57635,2.53869,-9.42141,-5.33565,-0.957958,2182.33,2480.62,1.00009
"thetas[13,5]",-3.00034,0.0510938,2.61196,2.65918,-7.25551,-3.03409,1.12467,2636.72,2894.43,1.00193
"thetas[13,6]",-6.89786,0.0506177,2.60421,2.6816,-11.1346,-6.84501,-2.67942,2674.59,2389.54,1.00045
"thetas[13,7]",-4.17775,0.0526941,2.64392,2.66655,-8.53979,-4.18156,0.243691,2586.18,2441.24,1.002
"thetas[13,8]",-0.827059,0.0528939,2.621,2.64208,-5.15136,-0.819304,3.49089,2486.54,2803.32,1.00248
"thetas[13,9]",-0.424389,0.0516498,2.58573,2.58543,-4.6498,-0.416199,3.8473,2558.8,2630.99,1.00145
"thetas[13,10]",1.05261,0.0464158,2.56895,2.60387,-3.16483,1.08613,5.19468,3106.58,3079.14,1.00035
"thetas[13,11]",-0.489453,0.0495845,2.58354,2.57235,-4.70738,-0.50507,3.76363,2776.51,3081.52,1.00106
"thetas[13,12]",2.98609,0.0531682,2.65408,2.634,-1.39325,2.97491,7.33157,2540.95,2894.18,1.00132
"thetas[13,13]",1.85344,0.0508233,2.61571,2.66006,-2.46573,1.83607,6.10146,2721.9,2708.67,1.00192
"thetas[13,14]",-4.66893,0.054088,2.69587,2.75546,-9.07751,-4.66045,-0.262149,2565.81,2522.89,1.00107
"thetas[13,15]",0.024096,0.0526077,2.66,2.63268,-4.33369,0.0250004,4.38376,2608.1,2891.92,1.00105
"thetas[13,16]",-0.135488,0.0539827,2.65013,2.67392,-4.54232,-0.0958701,4.15717,2484.6,2953.94,1.00108
"thetas[13,17]",-2.32439,0.0509342,2.61271,2.67087,-6.57262,-2.34377,1.885,2687.79,2901.38,1.00169
"thetas[13,18]",-3.428,0.0540259,2.60633,2.58574,-7.65502,-3.48103,0.893353,2334.67,2439.07,1.00403
"thetas[13,19]",1.36345,0.0546878,2.60496,2.58948,-2.99322,1.40826,5.64199,2308.45,2716.1,1.00092
"thetas[13,20]",-0.385879,0.0521079,2.62411,2.63606,-4.62153,-0.406455,4.0351,2587.54,2529.74,1.00141
"thetas[13,21]",-4.4424,0.0523417,2.61787,2.54564,-8.7432,-4.39888,-0.21098,2527.97,2478.34,1.00218
"thetas[13,22]",-7.87754,0.0488698,2.54362,2.54121,-11.9571,-7.9338,-3.64407,2792.05,3043.98,1.00188
"thetas[13,23]",-6.56922,0.0557588,2.5489,2.60095,-10.7524,-6.5707,-2.31841,2164.6,2493.83,1.0023
"thetas[13,24]",-1.55471,0.0522328,2.54475,2.4824,-5.74646,-1.58284,2.6865,2396.0,2716.97,1.00208
"thetas[13,25]",-0.522931,0.0494124,2.66483,2.66343,-5.00364,-0.501294,3.91204,2941.55,2776.53,1.00086
"thetas[14,1]",4.59217,0.0548958,2.78961,2.74677,0.0884677,4.50482,9.23697,2636.72,2581.29,1.00015
"thetas[14,2]",-0.223615,0.051289,2.6283,2.67137,-4.53603,-0.235337,4.08035,2688.23,2703.45,1.00135
"thetas[14,3]",2.23548,0.0580643,2.6265,2.60417,-2.08977,2.18984,6.52237,2101.86,2881.57,1.00053
"thetas[14,4]",6.30897,0.0557197,2.58112,2.57763,2.10807,6.32183,10.5049,2154.73,3074.73,1.0018
"thetas[14,5]",9.23674,0.0490075,2.54489,2.58994,5.06497,9.17591,13.3924,2701.46,3135.4,1.00134
"thetas[14,6]",9.41414,0.049815,2.60428,2.63458,5.17333,9.45247,13.7573,2779.53,2960.7,1.00252
"thetas[14,7]",6.72629,0.0480973,2.5637,2.53889,2.50792,6.68427,10.8938,2879.39,2335.01,1.00149
"thetas[14,8]",9.30723,0.0466497,2.61753,2.61294,5.05095,9.26884,13.5488,3197.74,2362.95,1.00149
"thetas[14,9]",6.32953,0.0476346,2.5166,2.55068,2.18745,6.34449,10.458,2833.2,2855.56,1.0006
"thetas[14,10]",4.80108,0.0495107,2.60703,2.6372,0.554385,4.75777,9.14246,2808.87,3264.95,1.00283
"thetas[14,11]",1.07881,0.0480548,2.62944,2.66103,-3.26811,1.09265,5.41855,3038.3,2811.08,1.00193
"thetas[14,12]",-6.69628,0.0516216,2.57496,2.566,-10.882,-6.73834,-2.42726,2526.97,2604.97,1.00122
"thetas[14,13]",-3.21737,0.0521157,2.62903,2.59044,-7.71276,-3.1426,1.04999,2599.3,3005.79,1.00131
"thetas[14,14]",1.23035,0.0558465,2.64736,2.59744,-3.05157,1.21069,5.58701,2285.47,2753.76,1.00048
"thetas[14,15]",2.07156,0.0527094,2.67165,2.65291,-2.2764,2.06233,6.42924,2632.33,2700.63,1.00087
"thetas[14,16]",-2.7962,0.054834,2.61866,2.59635,-7.13443,-2.77376,1.43348,2305.59,2355.64,1.00104
"thetas[14,17]",-1.41682,0.047684,2.56223,2.57169,-5.58577,-1.39565,2.87789,2900.01,3106.43,1.00061
"thetas[14,18]",-5.39637,0.0498303,2.58477,2.60615,-9.71477,-5.40047,-1.17293,2721.93,2840.5,1.00246
"thetas[14,19]",0.807452,0.0458262,2.57807,2.59585,-3.36293,0.791749,4.96568,3307.18,3054.28,1.00078
"thetas[14,20]",-0.151886,0.0487193,2.59588,2.54795,-4.50081,-0.142162,4.07889,2870.62,2613.73,1.00029
"thetas[14,21]",2.25562,0.0519979,2.57227,2.53529,-1.96719,2.26384,6.52089,2505.08,3106.28,1.00112
"thetas[14,22]",1.91807,0.0539506,2.54065,2.47161,-2.2238,1.89799,6.02106,2300.04,2379.91,1.00305
"thetas[14,23]",-5.09044,0.0535515,2.54647,2.60597,-9.26719,-5.09323,-0.953019,2310.97,2486.08,1.00246
"thetas[14,24]",-2.83909,0.0532572,2.48698,2.49195,-6.90972,-2.79263,1.35609,2239.67,2538.84,1.00341
"thetas[14,25]",-2.88476,0.0542702,2.64464,2.68108,-7.16073,-2.91721,1.49284,2408.2,2857.23,1.0028
"thetas[15,1]",1.11459,0.0576672,2.84155,2.87361,-3.46984,1.12931,5.71839,2511.34,3115.18,1.00188
"thetas[15,2]",0.449141,0.0551635,2.66103,2.66728,-3.92729,0.499417,4.76867,2355.54,2562.16,1.00269
"thetas[15,3]",0.143241,0.0583582,2.67513,2.68597,-4.22799,0.139472,4.55628,2132.49,2385.57,1.00027
"thetas[15,4]",-1.11171,0.053766,2.61873,2.57057,-5.42516,-1.11776,3.24106,2427.61,3121.1,1.00174
"thetas[15,5]",0.629486,0.0510864,2.55428,2.62256,-3.55321,0.616413,4.84396,2550.79,2635.68,1.00028
"thetas[15,6]",4.1792,0.0561968,2.59597,2.65788,0.0153357,4.17341,8.54618,2218.8,2874.55,1.00176
"thetas[15,7]",5.79041,0.0528102,2.63636,2.62143,1.44317,5.84457,10.1462,2540.74,2624.33,1.00018
"thetas[15,8]",4.67555,0.0469873,2.56637,2.60219,0.451377,4.68943,8.85659,2997.89,2932.87,1.00159
"thetas[15,9]",-1.62384,0.0483793,2.54038,2.57401,-5.69953,-1.62456,2.62482,2855.41,2748.74,1.00123
"thetas[15,10]",-4.75363,0.0518357,2.61469,2.62385,-9.02265,-4.76548,-0.375477,2565.87,2662.22,1.00174
"thetas[15,11]",-4.83114,0.054809,2.61584,2.66152,-9.02526,-4.84144,-0.50035,2316.8,2617.71,1.00359
"thetas[15,12]",-5.97355,0.0525084,2.62809,2.51994,-10.4866,-5.93965,-1.69613,2505.45,2719.79,1.00358
"thetas[15,13]",-10.2366,0.052584,2.58482,2.60157,-14.5,-10.2438,-6.11098,2436.37,3028.14,1.00325
"thetas[15,14]",-10.8212,0.0537442,2.59641,2.59142,-15.0367,-10.8693,-6.51714,2453.33,2826.04,1.00263
"thetas[15,15]",-9.36143,0.0520358,2.60712,2.57912,-13.7122,-9.38339,-5.15109,2568.6,2461.28,1.00166
"thetas[15,16]",-5.69979,0.0546863,2.62394,2.65632,-9.97869,-5.74116,-1.3667,2299.82,2711.4,1.001
"thetas[15,17]",-3.50995,0.0559347,2.59808,2.55513,-7.84132,-3.47667,0.736045,2146.66,2530.99,1.00103
"thetas[15,18]",2.90847,0.0516004,2.53601,2.55359,-1.2236,2.87434,7.10681,2438.13,2780.48,1.00238
"thetas[15,19]",-3.04674,0.0502065,2.67594,2.64695,-7.38455,-3.0663,1.36436,2871.31,2411.44,1.00217
"thetas[15,20]",-6.02198,0.0507406,2.63617,2.63887,-10.3326,-5.96337,-1.77455,2708.3,3027.12,1.00078
"thetas[15,21]",-9.35871,0.0513535,2.53078,2.5372,-13.5667,-9.34473,-5.28916,2501.36,2724.73,0.999998
"thetas[15,22]",-8.64368,0.0557896,2.5249,2.54431,-12.8338,-8.58452,-4.50032,2031.92,2426.92,1.00287
"thetas[15,23]",-0.671961,0.0605906,2.5344,2.50004,-4.83261,-0.684716,3.51173,1764.64,2480.57,1.00198
"thetas[15,24]",-0.808961,0.0575365,2.5336,2.55951,-4.99331,-0.783908,3.39612,2004.12,2781.21,1.00181
"thetas[15,25]",-4.8174,0.0515625,2.69159,2.66417,-9.31659,-4.77204,-0.425974,2795.56,2858.45,1.00134
"thetas[16,1]",0.600773,0.0527733,2.85803,2.88532,-4.01596,0.642533,5.28444,2998.16,3028.3,1.0001
"thetas[16,2]",0.72089,0.0571257,2.64591,2.5589,-3.62961,0.664573,5.19855,2208.2,2434.1,0.999733
"thetas[16,3]",4.46148,0.0546996,2.65486,2.67401,0.123235,4.43169,8.79926,2369.97,2366.03,1.00013
"thetas[16,4]",6.68672,0.0525886,2.55757,2.53981,2.44452,6.68851,10.9147,2426.75,2608.99,1.00127
"thetas[16,5]",4.76028,0.0538671,2.61171,2.6707,0.432014,4.76966,9.03243,2431.24,2438.04,0.999843
"thetas[16,6]",4.45168,0.0491346,2.57243,2.58014,0.147568,4.45545,8.65638,2758.74,2494.1,1.00102
"thetas[16,7]",0.358699,0.0521416,2.58946,2.54244,-3.91988,0.380507,4.69891,2535.57,2322.35,1.00088
"thetas[16,8]",-4.87975,0.0542677,2.55872,2.53525,-9.17471,-4.8042,-0.8118,2272.65,3053.84,1.00111
"thetas[16,9]",-7.21339,0.0563487,2.61316,2.5736,-11.4808,-7.23324,-2.91318,2189.47,2811.13,1.00191
"thetas[16,10]",-6.46276,0.06065,2.55372,2.60193,-10.6781,-6.47102,-2.30972,1933.93,2365.25,1.00338
"thetas[16,11]",-2.58664,0.0494603,2.64214,2.62474,-6.82323,-2.57126,1.85648,2917.55,3052.44,1.00046
"thetas[16,12]",-6.26502,0.0514665,2.52602,2.53614,-10.3863,-6.25503,-1.97772,2430.34,2763.47,1.00222
"thetas[16,13]",-7.94751,0.056962,2.64906,2.72462,-12.3944,-7.92494,-3.7121,2204.72,2830.02,1.00142
"thetas[16,14]",2.75891,0.0498321,2.57744,2.54506,-1.40296,2.74813,7.104,2735.7,3009.29,1.00002
"thetas[16,15]",4.74653,0.0489067,2.61067,2.58351,0.336874,4.83674,8.94225,2994.13,2518.0,1.00097
"thetas[16,16]",6.21285,0.0517052,2.58906,2.59671,1.93927,6.25329,10.4467,2541.37,2776.2,1.00107
"thetas[16,17]",4.93453,0.0516441,2.56305,2.53706,0.735489,4.92413,9.24936,2485.83,2879.53,1.00279
"thetas[16,18]",4.83357,0.0502041,2.59951,2.62256,0.625023,4.87528,9.11434,2713.7,2587.28,1.0004
"thetas[16,19]",7.36578,0.0597185,2.63461,2.63492,3.06017,7.31138,11.7604,1988.53,2480.8,1.00142
"thetas[16,20]",7.6506,0.0613187,2.627,2.63603,3.34166,7.61304,12.0605,1872.07,2836.54,1.00321
"thetas[16,21]",6.42407,0.0546224,2.60089,2.59804,2.19778,6.43407,10.6597,2365.29,2739.52,1.00194
"thetas[16,22]",6.50402,0.0675076,2.58381,2.63945,2.27247,6.53762,10.743,1446.28,2566.38,1.00374
"thetas[16,23]",6.14132,0.0575681,2.5344,2.53075,1.91572,6.13204,10.2822,1967.64,2644.17,1.00581
"thetas[16,24]",4.48591,0.0511299,2.52715,2.55423,0.439673,4.47866,8.62196,2512.83,2675.39,1.00079
"thetas[16,25]",3.64079,0.0503528,2.69134,2.68601,-0.689757,3.62397,7.99352,2957.29,2410.78,0.999649
"thetas[17,1]",7.97305,0.0584462,2.87282,2.91359,3.46037,7.89097,12.8191,2449.42,2629.09,0.999821
"thetas[17,2]",5.40469,0.061419,2.63551,2.5786,0.998912,5.43706,9.74177,1880.47,2349.56,1.00169
"thetas[17,3]",6.23528,0.0582624,2.6189,2.64646,1.94678,6.24803,10.4661,2051.02,2614.64,1.00265
"thetas[17,4]",-2.63163,0.0525829,2.56737,2.56776,-6.77555,-2.66881,1.56326,2447.62,2570.97,1.00052
"thetas[17,5]",-4.23584,0.0478963,2.60049,2.61821,-8.42702,-4.24219,0.00411764,2989.71,2782.74,1.00155
"thetas[17,6]",-4.45779,0.0521078,2.53101,2.5206,-8.60647,-4.4832,-0.252484,2402.5,2735.79,1.00055
"thetas[17,7]",-7.68997,0.04649,2.58454,2.65332,-11.8359,-7.7325,-3.4612,3134.9,2940.56,1.00136
"thetas[17,8]",-6.69341,0.0525093,2.573,2.56795,-10.9588,-6.64006,-2.52475,2447.6,3140.32,1.00083
"thetas[17,9]",-6.85294,0.0548237,2.56578,2.59877,-11.1007,-6.85911,-2.52471,2215.72,2767.67,1.00095
"thetas[17,10]",-7.59359,0.050957,2.61537,2.54554,-11.8702,-7.62475,-3.1939,2734.5,3014.3,1.00165
"thetas[17,11]",-2.02847,0.0515516,2.67162,2.7032,-6.30583,-2.04807,2.34253,2711.6,2888.11,1.00242
"thetas[17,12]",-4.42435,0.0510325,2.60093,2.55188,-8.68442,-4.35297,-0.158337,2669.93,2930.38,1.00181
"thetas[17,13]",-7.8191,0.0509951,2.63673,2.56746,-12.2047,-7.84097,-3.44073,2706.87,2536.56,1.0007
"thetas[17,14]",-7.6504,0.0489168,2.66645,2.73334,-11.9172,-7.60222,-3.4285,3057.39,2412.6,1.00026
"thetas[17,15]",-7.44134,0.0460072,2.56727,2.53272,-11.5758,-7.44454,-3.23916,3176.52,2747.15,1.00041
"thetas[17,16]",-2.33666,0.0495627,2.54329,2.62262,-6.60852,-2.34196,1.82203,2661.75,2595.32,1.00139
"thetas[17,17]",0.301,0.0528879,2.69047,2.68737,-4.14152,0.277613,4.72458,2660.5,2774.42,1.00099
"thetas[17,18]",-3.59121,0.0530514,2.6535,2.70796,-8.01829,-3.56742,0.723673,2540.18,2664.32,1.00184
"thetas[17,19]",-7.32424,0.0509344,2.61957,2.55244,-11.7198,-7.29909,-3.14102,2742.81,2875.08,1.00152
"thetas[17,20]",-5.90425,0.0525797,2.57276,2.5511,-10.1331,-5.86087,-1.73048,2455.13,2457.33,1.00286
"thetas[17,21]",-3.00648,0.0496383,2.58131,2.60201,-7.17181,-3.0251,1.16895,2727.86,3189.64,1.0012
"thetas[17,22]",-2.86965,0.058912,2.55202,2.60137,-7.14269,-2.8422,1.25777,1900.32,2417.5,1.00355
"thetas[17,23]",-1.66493,0.0475017,2.48359,2.44782,-5.7845,-1.68335,2.3739,2788.18,3015.89,1.00186
"thetas[17,24]",-1.19032,0.0492082,2.50752,2.48991,-5.24544,-1.19246,2.85702,2642.69,2623.85,1.00054
"thetas[17,25]",-4.45119,0.0464089,2.64677,2.65234,-8.6322,-4.45233,-0.0324163,3313.15,3322.4,1.00055
"thetas[18,1]",-5.69969,0.0525528,2.84641,2.87278,-10.3072,-5.74686,-1.02227,2981.14,2813.84,1.00022
"thetas[18,2]",-1.25158,0.0542282,2.59363,2.62549,-5.48655,-1.27768,3.00379,2342.05,3011.48,1.00076
"thetas[18,3]",-1.47969,0.0537946,2.59405,2.59197,-5.85887,-1.46965,2.7383,2342.25,2512.45,1.00136
"thetas[18,4]",-2.98165,0.0500204,2.57363,2.57202,-7.15517,-2.97492,1.27031,2697.72,2562.76,1.00007
"thetas[18,5]",5.78057,0.0525504,2.62488,2.60043,1.54859,5.75,10.1476,2535.26,3140.19,1.00073
"thetas[18,6]",7.77653,0.0489189,2.63767,2.59184,3.38021,7.75992,12.0944,2928.12,2636.37,1.00188
"thetas[18,7]",8.62624,0.0487513,2.59835,2.56287,4.34582,8.64492,12.8699,2868.42,2884.51,1.00276
"thetas[18,8]",7.27168,0.0530635,2.66294,2.71253,2.85755,7.27294,11.6586,2589.08,2781.94,1.00278
"thetas[18,9]",5.56355,0.0504865,2.62895,2.60875,1.23613,5.59797,9.8749,2772.34,2461.2,1.00034
"thetas[18,10]",5.9849,0.0578188,2.57346,2.51656,1.71621,5.94547,10.1505,2062.3,2820.65,1.0011
"thetas[18,11]",4.44273,0.0513341,2.57462,2.65339,0.322755,4.38795,8.71427,2655.21,2905.91,1.00221
"thetas[18,12]",1.5978,0.0502833,2.58445,2.63593,-2.62873,1.60018,5.72637,2704.7,2670.96,1.00183
"thetas[18,13]",0.0562659,0.0521112,2.66369,2.64409,-4.31792,0.00883033,4.43547,2665.57,2444.07,1.00082
"thetas[18,14]",1.41328,0.057283,2.55808,2.58447,-2.77721,1.38811,5.61877,2003.65,2794.94,1.00119
"thetas[18,15]",0.583538,0.0539061,2.56095,2.51275,-3.77183,0.622653,4.85271,2290.95,2781.16,1.00096
"thetas[18,16]",-2.07457,0.0596315,2.61239,2.64668,-6.39867,-2.02058,2.17706,1971.92,2995.5,1.00108
"thetas[18,17]",-0.113158,0.0565922,2.65662,2.63784,-4.46617,-0.128385,4.26496,2362.16,2551.47,1.00104
"thetas[18,18]",3.2527,0.0547122,2.60258,2.56374,-0.953745,3.19295,7.60365,2312.86,2508.23,1.00078
"thetas[18,19]",4.00929,0.0506838,2.56564,2.55405,-0.192398,3.99524,8.19557,2601.4,2551.67,1.00027
"thetas[18,20]",-0.160782,0.0543562,2.60278,2.63331,-4.44498,-0.140015,4.00045,2315.79,2897.08,1.00101
"thetas[18,21]",-1.70895,0.0564772,2.61874,2.57522,-6.00337,-1.74704,2.68237,2211.72,2491.79,1.00238
"thetas[18,22]",0.112972,0.0554176,2.54391,2.6082,-4.13512,0.152776,4.31043,2119.89,3061.13,1.00056
"thetas[18,23]",-0.161196,0.0505605,2.53394,2.55545,-4.32718,-0.178405,4.04747,2563.67,2859.37,1.00126
"thetas[18,24]",-0.45012,0.0540542,2.56197,2.54776,-4.61466,-0.478973,3.76068,2264.61,2793.08,1.00146
"thetas[18,25]",3.33285,0.051068,2.6614,2.60754,-1.0013,3.34768,7.77863,2749.24,2565.35,1.00106
"thetas[19,1]",4.36991,0.049392,2.74197,2.83483,-0.0493804,4.35001,8.90819,3108.78,3106.99,1.00124
"thetas[19,2]",8.72094,0.0545954,2.62843,2.62764,4.44103,8.73143,13.0428,2359.21,2848.73,1.00192
"thetas[19,3]",0.425489,0.052565,2.69001,2.70871,-4.11776,0.441215,4.82005,2609.54,2518.22,1.00096
"thetas[19,4]",2.34687,0.0608971,2.67328,2.65489,-2.06713,2.32531,6.67925,1946.02,2405.31,1.00074
"thetas[19,5]",-3.49269,0.0585264,2.6545,2.6846,-7.71321,-3.51877,0.825911,2063.95,2446.42,1.00093
"thetas[19,6]",-4.71039,0.0541417,2.59158,2.60844,-8.90313,-4.73044,-0.332047,2354.1,2979.7,1.00166
"thetas[19,7]",-4.62164,0.0515604,2.53446,2.56824,-8.84567,-4.65264,-0.400121,2440.33,3167.48,1.00215
"thetas[19,8]",-10.0635,0.0489633,2.57375,2.55277,-14.3004,-10.0726,-5.84158,2756.72,2667.8,1.00191
"thetas[19,9]",-12.7405,0.0533366,2.65632,2.68076,-17.1148,-12.7426,-8.391,2550.16,2603.16,1.00061
"thetas[19,10]",-13.3771,0.0475979,2.5761,2.53488,-17.5625,-13.4503,-9.08019,3070.8,2630.39,1.00146
"thetas[19,11]",-6.95802,0.0486897,2.61433,2.60078,-11.3152,-6.96689,-2.73797,2936.66,3177.09,1.00168
"thetas[19,12]",-8.13817,0.0499533,2.60042,2.5968,-12.4328,-8.13922,-3.8704,2769.61,2951.79,1.00195
"thetas[19,13]",-2.35348,0.0475242,2.61181,2.58848,-6.69275,-2.37225,1.96419,3168.34,2841.8,1.00051
"thetas[19,14]",-0.502809,0.0492621,2.59789,2.66217,-4.7912,-0.494517,3.70458,2836.27,2443.83,1.00037
"thetas[19,15]",-0.921228,0.0511186,2.59341,2.56685,-5.14564,-0.969842,3.38975,2636.8,2653.29,1.00003
"thetas[19,16]",-2.22223,0.0487053,2.51951,2.52513,-6.30239,-2.2472,2.00612,2729.27,2832.9,1.0021
"thetas[19,17]",-4.91069,0.0533448,2.6238,2.59943,-9.29949,-4.85414,-0.656727,2422.31,2423.56,1.00418
"thetas[19,18]",5.42596,0.0565408,2.57512,2.55602,1.26527,5.43944,9.69386,2038.68,2855.95,1.0046
"thetas[19,19]",6.99756,0.050148,2.54217,2.60282,2.91674,6.95675,11.209,2620.11,3159.68,1.00198
"thetas[19,20]",4.19733,0.052414,2.64317,2.62246,-0.246594,4.1592,8.56879,2600.21,2850.3,1.00144
"thetas[19,21]",4.53003,0.0544539,2.5942,2.57981,0.316123,4.53765,8.80538,2358.05,2810.79,1.00056
"thetas[19,22]",3.68904,0.0525267,2.5201,2.53667,-0.42392,3.68594,7.83449,2320.5,2589.36,1.00268
"thetas[19,23]",-0.942658,0.0561429,2.52414,2.52557,-5.13074,-0.925628,3.16297,2094.48,2292.93,1.00461
"thetas[19,24]",1.23668,0.0524277,2.54192,2.63294,-2.88616,1.21383,5.44489,2409.64,2629.9,1.00477
"thetas[19,25]",0.0247405,0.0476591,2.65169,2.64957,-4.34943,0.0289994,4.30378,3134.78,2885.08,1.00205
"thetas[20,1]",5.07643,0.0567603,2.78434,2.68481,0.660471,4.9694,9.71232,2461.68,2248.6,0.999878
"thetas[20,2]",4.09843,0.0562115,2.64846,2.64646,-0.155183,4.04725,8.57292,2313.66,2649.62,1.00074
"thetas[20,3]",4.59441,0.0524705,2.62535,2.62014,0.262938,4.62047,8.93058,2550.41,2400.31,1.00046
"thetas[20,4]",2.8167,0.0550249,2.60698,2.61307,-1.35489,2.78346,7.14858,2261.48,2761.22,1.00129
"thetas[20,5]",-1.50326,0.0575535,2.68689,2.72487,-5.89118,-1.52285,2.90896,2216.38,2510.48,1.00285
"thetas[20,6]",-0.359875,0.0488714,2.56642,2.56436,-4.55788,-0.411239,3.94237,2880.17,2526.53,1.00085
"thetas[20,7]",-1.14767,0.0523273,2.60236,2.59218,-5.46304,-1.09915,3.11178,2566.95,2638.04,1.00071
"thetas[20,8]",-5.2159,0.0576003,2.59327,2.58731,-9.41655,-5.24491,-0.864609,2123.78,2582.71,1.00192
"thetas[20,9]",-0.622729,0.0508214,2.59662,2.58834,-4.73302,-0.693534,3.71228,2697.21,2798.94,1.00141
"thetas[20,10]",0.192526,0.0467098,2.57872,2.52148,-3.94922,0.175897,4.52602,3098.47,2796.67,1.00029
"thetas[20,11]",-0.685193,0.0582006,2.64722,2.674,-4.9758,-0.698103,3.65417,2060.58,2534.95,1.00318
"thetas[20,12]",0.173218,0.0551035,2.64766,2.54445,-4.15471,0.178528,4.51815,2325.3,2787.82,1.00206
"thetas[20,13]",-1.3151,0.0554291,2.62808,2.7222,-5.50921,-1.28838,3.10961,2328.32,2517.61,1.00115
"thetas[20,14]",-0.596602,0.0610599,2.60175,2.61094,-4.80729,-0.594417,3.75225,1832.69,2340.34,1.00091
"thetas[20,15]",0.225773,0.0610881,2.67714,2.68056,-4.21676,0.174325,4.55907,1953.3,2348.39,1.00264
"thetas[20,16]",-3.31858,0.0531213,2.57663,2.57415,-7.57054,-3.33315,0.913197,2357.09,2002.96,1.002
"thetas[20,17]",-2.41318,0.0538116,2.57746,2.53421,-6.60646,-2.45414,1.8229,2318.31,2473.84,1.00013
"thetas[20,18]",-5.22739,0.0504987,2.56933,2.58892,-9.56594,-5.20209,-1.10916,2595.91,2920.79,1.00024
"thetas[20,19]",-7.04252,0.0470422,2.60261,2.6693,-11.2726,-7.05406,-2.77284,3108.67,2772.34,1.00003
"thetas[20,20]",-7.78579,0.0492297,2.56626,2.48604,-11.8791,-7.79068,-3.54302,2760.22,2939.22,1.00136
"thetas[20,21]",0.177622,0.0517876,2.60043,2.56531,-4.04699,0.196156,4.4753,2597.45,2533.14,1.00123
"thetas[20,22]",-1.23731,0.0518363,2.51516,2.46022,-5.49698,-1.1822,2.81022,2370.5,2601.63,1.00476
"thetas[20,23]",0.974708,0.0506303,2.60021,2.51713,-3.37487,0.984924,5.27471,2643.99,2488.9,1.00233
"thetas[20,24]",3.1665,0.0507959,2.56034,2.52433,-1.13592,3.18046,7.27949,2516.15,2659.32,1.00304
"thetas[20,25]",-0.776378,0.047638,2.71594,2.77833,-5.15271,-0.804404,3.78421,3276.03,2943.46,1.00135
"thetas[21,1]",0.273112,0.0577524,2.78623,2.80555,-4.33573,0.29074,4.77065,2423.31,2794.78,1.00025
"thetas[21,2]",-3.24136,0.0607992,2.60696,2.66805,-7.51776,-3.21422,0.96391,1868.27,2845.81,1.00148
"thetas[21,3]",-2.33217,0.0564131,2.64473,2.68697,-6.66939,-2.31865,1.95667,2260.63,2599.95,1.00074
"thetas[21,4]",0.834857,0.0573226,2.65489,2.75735,-3.5692,0.835592,5.06833,2237.23,2681.43,1.00123
"thetas[21,5]",-0.57814,0.0493646,2.5759,2.53654,-4.73189,-0.645556,3.70479,2770.13,3039.61,1.00029
"thetas[21,6]",-2.23612,0.0475558,2.60801,2.60719,-6.59654,-2.20347,1.96956,3053.95,2856.82,1.0003
"thetas[21,7]",-2.25161,0.0513828,2.56441,2.59022,-6.33882,-2.33589,2.08299,2578.29,2918.9,1.0009
"thetas[21,8]",1.75057,0.0505388,2.52076,2.52653,-2.39828,1.80013,5.99188,2532.04,3324.86,1.00156
"thetas[21,9]",3.24036,0.0488376,2.53639,2.50788,-0.880613,3.18778,7.44857,2727.1,2791.42,1.00049
"thetas[21,10]",5.04392,0.0561083,2.56633,2.52808,0.820339,5.04416,9.26677,2110.07,2808.76,1.00427
"thetas[21,11]",-0.860842,0.0524578,2.58678,2.59724,-5.18631,-0.821853,3.33339,2405.17,2684.85,1.00393
"thetas[21,12]",-3.35821,0.0546707,2.66751,2.66823,-7.78695,-3.31056,0.973222,2396.33,2718.94,1.00039
"thetas[21,13]",0.0149217,0.053204,2.6866,2.62516,-4.49788,-0.0308073,4.47606,2580.7,2260.58,1.00267
"thetas[21,14]",-2.77803,0.0565211,2.64866,2.63277,-7.13168,-2.7729,1.55339,2217.76,2627.0,1.00097
"thetas[21,15]",-0.70396,0.0531087,2.58695,2.63507,-5.00796,-0.666218,3.58021,2415.99,2972.0,1.00245
"thetas[21,16]",2.88687,0.0504837,2.51616,2.5537,-1.25898,2.89368,7.02387,2534.47,3132.26,1.00261
"thetas[21,17]",2.19833,0.0529024,2.6222,2.61771,-2.19759,2.15686,6.45064,2479.28,2319.46,1.00252
"thetas[21,18]",5.7059,0.0535387,2.62939,2.59458,1.25045,5.69588,10.0497,2501.06,2989.54,1.00115
"thetas[21,19]",2.64056,0.0574445,2.64618,2.66771,-1.7521,2.63987,6.94503,2213.48,2481.42,1.00111
"thetas[21,20]",3.54366,0.0583636,2.63005,2.66703,-0.71647,3.51764,7.93171,2071.14,2868.13,1.00195
"thetas[21,21]",-0.839102,0.0506113,2.59688,2.65411,-5.16708,-0.825066,3.41161,2661.52,2805.63,1.00051
"thetas[21,22]",0.0303408,0.0467003,2.53321,2.46053,-4.10475,0.0484714,4.32424,2973.05,3008.98,1.001
"thetas[21,23]",-0.0918003,0.0481774,2.4838,2.49745,-4.11931,-0.135055,4.03865,2739.7,2637.06,1.00117
"thetas[21,24]",0.677733,0.0507927,2.59218,2.66469,-3.48283,0.696387,4.92553,2659.52,2843.16,1.00138
"thetas[21,25]",3.85311,0.0480566,2.62678,2.66155,-0.487087,3.84015,8.18691,3064.09,3090.51,1.00092
"thetas[22,1]",-1.36269,0.0530263,2.84033,2.89388,-5.97223,-1.39779,3.36117,2915.09,2992.97,1.00135
"thetas[22,2]",3.5186,0.0532575,2.72424,2.71062,-1.00136,3.54024,8.05783,2671.43,2934.66,1.00055
"thetas[22,3]",3.86765,0.0575723,2.63279,2.58846,-0.60509,3.94846,8.07139,2097.77,2457.66,1.00005
"thetas[22,4]",6.63057,0.0522495,2.56914,2.56539,2.39734,6.68309,10.877,2436.36,2601.99,0.999667
"thetas[22,5]",8.96202,0.0526162,2.58093,2.61274,4.74866,8.96584,13.1857,2434.99,2288.84,1.00049
"thetas[22,6]",5.63962,0.051327,2.51907,2.49711,1.52109,5.61176,9.79255,2481.26,2673.54,1.00111
"thetas[22,7]",9.25169,0.0552721,2.54445,2.54673,5.18897,9.23061,13.3957,2165.02,2748.64,1.00308
"thetas[22,8]",14.6237,0.0505531,2.5896,2.60901,10.2888,14.6372,18.7891,2627.7,2786.69,1.00163
"thetas[22,9]",7.46871,0.0519813,2.58818,2.53582,3.20842,7.41362,11.789,2516.85,2539.44,1.00262
"thetas[22,10]",9.37267,0.0507865,2.60731,2.60302,5.12205,9.39658,13.6349,2691.94,2422.61,1.00306
"thetas[22,11]",11.6125,0.0512221,2.55943,2.51734,7.43168,11.6146,15.8666,2522.37,2554.51,1.0018
"thetas[22,12]",9.83471,0.0514168,2.61373,2.62091,5.52476,9.84051,14.2297,2591.7,2571.33,1.00082
"thetas[22,13]",10.6866,0.0538141,2.64768,2.70961,6.42736,10.6976,15.0268,2562.44,2620.63,1.00058
"thetas[22,14]",7.40395,0.0634167,2.53509,2.46369,3.24356,7.38788,11.5515,1644.6,2854.45,1.00103
"thetas[22,15]",8.74906,0.0595416,2.69147,2.65774,4.35688,8.70066,13.1856,2107.21,2617.89,1.0026
"thetas[22,16]",8.30749,0.0519786,2.5451,2.53433,4.02829,8.33312,12.4842,2525.31,2871.74,1.00296
"thetas[22,17]",9.18077,0.0519226,2.57947,2.60191,4.92394,9.21422,13.4255,2494.73,2818.76,1.00172
"thetas[22,18]",8.25159,0.0525774,2.54271,2.55512,4.23018,8.19903,12.5351,2432.89,2598.69,1.00258
"thetas[22,19]",6.37852,0.0514239,2.58065,2.54648,2.16609,6.3745,10.5775,2584.56,2698.9,1.00093
"thetas[22,20]",7.64239,0.0532467,2.63833,2.62935,3.38086,7.57884,12.0471,2547.32,2679.97,1.00271
"thetas[22,21]",2.01359,0.0540753,2.62064,2.6273,-2.29512,2.07019,6.16317,2402.25,2637.39,1.00349
"thetas[22,22]",5.39224,0.0488283,2.55474,2.58307,1.14958,5.44191,9.58565,2809.72,2970.88,1.00245
"thetas[22,23]",0.919132,0.0512559,2.59071,2.53919,-3.37052,0.919939,5.07927,2554.74,2676.66,1.00337
"thetas[22,24]",-5.07502,0.0497723,2.54449,2.48418,-9.31661,-5.05431,-0.93257,2650.57,2687.15,1.00077
"thetas[22,25]",-6.10946,0.0479052,2.68317,2.68285,-10.5077,-6.08114,-1.63603,3183.77,2660.52,1.00125
"thetas[23,1]",0.748577,0.0523143,2.76066,2.73761,-3.79965,0.778307,5.23517,2827.16,2768.19,1.00235
"thetas[23,2]",-2.16486,0.0496834,2.59345,2.56355,-6.41424,-2.16234,2.11309,2753.7,2211.11,0.999914
"thetas[23,3]",0.678253,0.0566629,2.6462,2.6024,-3.64497,0.696751,5.09243,2168.99,2595.32,1.00341
"thetas[23,4]",-0.48814,0.0609139,2.59117,2.61419,-4.73298,-0.493716,3.79323,1833.5,2715.12,1.00032
"thetas[23,5]",-3.84495,0.0574388,2.51574,2.53619,-7.97045,-3.81061,0.252482,1869.59,2797.91,1.00287
"thetas[23,6]",-6.27992,0.0524189,2.55397,2.52634,-10.5001,-6.29698,-2.10918,2413.21,3020.36,1.00288
"thetas[23,7]",1.37075,0.0524362,2.62186,2.68342,-2.96808,1.40476,5.59647,2562.08,2535.88,1.00119
"thetas[23,8]",0.107272,0.0504712,2.68092,2.6834,-4.30185,0.0826573,4.51627,2853.05,2644.45,1.00103
"thetas[23,9]",3.4819,0.0503761,2.59974,2.60293,-0.880504,3.54134,7.77797,2741.71,2919.69,1.00144
"thetas[23,10]",7.32554,0.0520029,2.57621,2.54613,3.06547,7.31794,11.5562,2486.52,2994.44,1.00191
"thetas[23,11]",5.09456,0.0495015,2.64008,2.61749,0.823043,5.07642,9.59275,2916.28,2592.94,1.00107
"thetas[23,12]",8.22994,0.0523546,2.68808,2.6509,3.8341,8.17535,12.7356,2668.27,2507.89,1.00196
"thetas[23,13]",3.23823,0.0496543,2.66435,2.62689,-1.11373,3.19924,7.69475,2951.63,2970.51,1.0006
"thetas[23,14]",4.84694,0.0485035,2.55648,2.53567,0.616783,4.8484,9.10304,2823.79,2760.51,1.00177
"thetas[23,15]",-0.470878,0.0565079,2.57884,2.54758,-4.72944,-0.475481,3.77993,2099.46,2461.41,1.00159
"thetas[23,16]",-2.48928,0.0581631,2.58454,2.53165,-6.67252,-2.50957,1.68886,2048.52,2739.08,1.00337
"thetas[23,17]",1.76577,0.0605989,2.60321,2.58594,-2.46933,1.72891,6.04192,1924.38,2276.11,1.00092
"thetas[23,18]",6.56328,0.0485355,2.62015,2.66721,2.28127,6.58258,10.889,2850.61,2864.42,1.00198
"thetas[23,19]",8.11745,0.0502064,2.62082,2.65511,3.75818,8.15295,12.4114,2792.53,2746.05,1.00132
"thetas[23,20]",7.13386,0.0499936,2.61538,2.68477,2.85513,7.16055,11.48,2907.76,3062.47,1.00291
"thetas[23,21]",6.87844,0.0500926,2.55925,2.52438,2.69946,6.84594,11.1778,2659.03,2903.42,1.00106
"thetas[23,22]",2.55134,0.0564276,2.52967,2.58023,-1.59559,2.49497,6.70514,2051.98,2996.36,1.00173
"thetas[23,23]",0.10376,0.0555128,2.52287,2.55993,-3.96682,0.131597,4.18752,2110.13,2516.99,1.00186
"thetas[23,24]",0.937995,0.0478335,2.48679,2.42724,-3.12543,0.910713,5.09193,2751.92,2825.34,1.00045
"thetas[23,25]",-2.54514,0.0437947,2.66229,2.50867,-7.04743,-2.53782,1.84345,3709.94,2719.91,1.00122
"thetas[24,1]",2.0626,0.0540077,2.81903,2.81955,-2.58719,2.03263,6.64599,2784.91,2516.22,1.0011
"thetas[24,2]",-0.563691,0.0524807,2.64267,2.61164,-4.94151,-0.548752,3.79904,2612.92,2632.89,1.0009
"thetas[24,3]",-0.212139,0.0564372,2.58005,2.54846,-4.45156,-0.21463,4.02636,2173.79,2768.65,1.00022
"thetas[24,4]",-5.08268,0.0499745,2.59714,2.58343,-9.30232,-5.08322,-0.809918,2750.43,2755.21,1.00015
"thetas[24,5]",-2.26535,0.0488468,2.57899,2.5403,-6.51994,-2.25672,1.9866,2842.92,2819.2,1.00062
"thetas[24,6]",3.35934,0.0530328,2.65002,2.62592,-0.966548,3.28619,7.85729,2559.42,2508.4,1.00149
"thetas[24,7]",1.51854,0.0520992,2.61056,2.62221,-2.74609,1.5291,5.84244,2550.97,2592.06,1.00168
"thetas[24,8]",2.62269,0.0480754,2.57246,2.56171,-1.63357,2.65209,6.89477,2893.26,2806.05,1.00093
"thetas[24,9]",5.30229,0.0534086,2.62616,2.61247,0.959397,5.34536,9.67904,2496.78,2674.99,1.00255
"thetas[24,10]",1.12374,0.0532555,2.64873,2.72669,-3.21536,1.1518,5.34863,2506.25,3026.68,1.00149
"thetas[24,11]",1.94302,0.0517336,2.5943,2.54744,-2.32181,1.96808,6.1952,2580.32,2467.91,1.00366
"thetas[24,12]",1.5382,0.0523473,2.63734,2.6315,-2.67409,1.52909,5.87669,2553.12,2845.58,1.00162
"thetas[24,13]",3.18954,0.0488275,2.59153,2.54407,-0.978055,3.16031,7.46352,2840.36,2948.73,1.00082
"thetas[24,14]",-2.39385,0.0502846,2.64605,2.69421,-6.65932,-2.40979,2.0092,2804.96,2639.8,1.0012
"thetas[24,15]",-1.7271,0.0530644,2.62738,2.69574,-5.96272,-1.70782,2.53806,2419.54,2481.05,1.00261
"thetas[24,16]",-1.2569,0.0615956,2.60579,2.62094,-5.48347,-1.3164,2.94872,1831.3,2819.63,1.00569
"thetas[24,17]",-0.119357,0.0557787,2.6151,2.64796,-4.47805,-0.138624,4.12017,2289.35,2334.32,1.00268
"thetas[24,18]",-5.06965,0.051686,2.59511,2.53551,-9.21896,-5.10764,-0.860249,2607.11,3033.16,1.00243
"thetas[24,19]",-3.55413,0.0491776,2.54551,2.58769,-7.67804,-3.56238,0.58227,2701.1,2902.45,1.00168
"thetas[24,20]",-5.77477,0.0554518,2.58905,2.53528,-10.0821,-5.76656,-1.53972,2342.76,2611.05,1.00359
"thetas[24,21]",-4.65093,0.0544684,2.6757,2.74939,-9.02812,-4.66127,-0.192287,2486.0,2427.7,1.00152
"thetas[24,22]",-6.30562,0.0547594,2.51685,2.54227,-10.4153,-6.31328,-2.14947,2134.74,3033.46,1.0022
"thetas[24,23]",-2.76621,0.0532974,2.51732,2.47559,-6.84563,-2.76055,1.38716,2398.85,2568.49,1.00165
"thetas[24,24]",-5.97905,0.0484096,2.5474,2.61508,-10.0569,-6.01824,-1.75368,2831.43,2783.05,1.00037
"thetas[24,25]",-6.54986,0.0501295,2.72444,2.71706,-11.0118,-6.56598,-2.01165,3068.86,2812.71,1.0009
"thetas[25,1]",2.05951,0.0530165,2.71006,2.71799,-2.26541,2.05797,6.53795,2697.03,2514.33,1.00148
"thetas[25,2]",1.72272,0.0554615,2.62295,2.61647,-2.61785,1.717,6.05666,2268.2,2490.68,1.00001
"thetas[25,3]",1.85518,0.0557516,2.65173,2.60863,-2.42983,1.78775,6.33719,2290.45,2490.82,1.00232
"thetas[25,4]",0.80089,0.0538628,2.67867,2.64555,-3.66701,0.782538,5.13168,2499.63,2698.05,1.0019
"thetas[25,5]",2.47416,0.0500704,2.57507,2.63828,-1.63739,2.40709,6.78993,2698.71,2828.86,1.00126
"thetas[25,6]",-2.71406,0.0478939,2.5901,2.55303,-6.92099,-2.70889,1.61286,2979.71,2684.61,1.00179
"thetas[25,7]",-0.061996,0.0475515,2.60023,2.54656,-4.36226,-0.0300029,4.21812,3048.17,3042.86,1.00156
"thetas[25,8]",-1.81355,0.0497964,2.57077,2.57307,-6.05978,-1.84404,2.53965,2708.84,2969.01,1.00115
"thetas[25,9]",1.5277,0.0504763,2.62247,2.62075,-2.77008,1.46297,5.78486,2733.63,2727.98,1.00258
"thetas[25,10]",5.41699,0.0493353,2.60096,2.53631,1.11819,5.41449,9.82433,2809.63,2834.21,1.00347
"thetas[25,11]",4.17635,0.0468009,2.55504,2.59513,-0.0441913,4.11787,8.30967,3010.25,2499.24,1.00221
"thetas[25,12]",0.584513,0.0506312,2.56901,2.61909,-3.65786,0.623404,4.74193,2597.85,2971.21,1.00232
"thetas[25,13]",-3.91453,0.0515288,2.60039,2.61136,-8.17795,-3.90524,0.427476,2573.35,2760.23,1.00196
"thetas[25,14]",-4.83653,0.0557953,2.59388,2.6117,-9.06758,-4.87939,-0.530937,2255.29,2249.72,1.00093
"thetas[25,15]",-4.2364,0.0535558,2.6472,2.58165,-8.64836,-4.26037,0.155875,2516.75,2276.27,1.00151
"thetas[25,16]",-0.0105011,0.05311,2.66303,2.64791,-4.39106,-0.0984492,4.3279,2549.69,2404.16,1.00058
"thetas[25,17]",-5.23824,0.0488122,2.56581,2.5387,-9.38401,-5.25057,-0.89532,2792.46,2942.05,1.00111
"thetas[25,18]",-5.02463,0.0495154,2.61991,2.61133,-9.33517,-4.9903,-0.724746,2882.55,2919.13,1.0007
"thetas[25,19]",-6.38941,0.0485484,2.56558,2.57939,-10.6154,-6.34352,-2.15678,2999.74,2940.19,1.00148
"thetas[25,20]",-6.51282,0.0455552,2.5471,2.54081,-10.7206,-6.50462,-2.39089,3291.38,2468.94,1.00275
"thetas[25,21]",-9.35221,0.0538282,2.5865,2.65703,-13.563,-9.39555,-5.12482,2362.37,2728.32,1.00292
"thetas[25,22]",-8.3293,0.0496146,2.48816,2.48559,-12.3014,-8.34533,-4.21644,2533.48,3062.65,1.00249
"thetas[25,23]",-2.30572,0.0520983,2.56696,2.54811,-6.49684,-2.37224,1.9503,2472.5,2875.04,1.00141
"thetas[25,24]",-3.97339,0.0542039,2.5631,2.59533,-8.22039,-3.94651,0.251285,2257.62,2882.23,1.00156
"thetas[25,25]",-3.46006,0.0478069,2.65996,2.60233,-7.85176,-3.47161,1.00538,3130.32,2964.51,1.00104
"thetas[26,1]",4.23666,0.0580652,2.87418,2.91,-0.383013,4.17844,8.96965,2592.6,2847.05,0.999875
"thetas[26,2]",6.63574,0.0609965,2.57604,2.61536,2.36317,6.62321,10.8778,1885.21,2568.81,1.0022
"thetas[26,3]",7.46232,0.0537556,2.60078,2.52274,3.1361,7.47485,11.8438,2507.32,2952.38,1.00187
"thetas[26,4]",5.09723,0.0486905,2.6391,2.60675,0.714964,5.13082,9.44223,2966.82,2408.48,1.00021
"thetas[26,5]",4.44357,0.0570868,2.56384,2.57867,0.274084,4.41131,8.66683,2062.14,2716.21,1.0004
"thetas[26,6]",-0.863403,0.0506623,2.59714,2.60381,-5.16692,-0.858405,3.40178,2647.59,2763.27,1.00092
"thetas[26,7]",2.9328,0.0500718,2.63272,2.61775,-1.33484,2.98394,7.27017,2818.81,2922.42,1.0005
"thetas[26,8]",4.01665,0.0503389,2.58968,2.63133,-0.172702,4.02414,8.29573,2736.93,2844.32,1.00217
"thetas[26,9]",6.04554,0.0513823,2.62426,2.68507,1.65231,6.02538,10.381,2648.66,2407.61,1.00308
"thetas[26,10]",5.15398,0.0545953,2.64599,2.61666,0.789364,5.19642,9.45437,2326.95,2514.95,1.00403
"thetas[26,11]",3.86496,0.0577209,2.62437,2.60476,-0.46585,3.92118,8.13201,2104.22,2647.13,1.00272
"thetas[26,12]",2.42749,0.0585811,2.66264,2.68702,-1.89435,2.41983,6.77489,2097.68,2192.39,1.00273
"thetas[26,13]",-4.50584,0.0494693,2.58985,2.55668,-8.76784,-4.47427,-0.132791,2813.95,2699.81,1.00138
"thetas[26,14]",1.18032,0.0561818,2.6418,2.67622,-3.09863,1.15333,5.58249,2235.24,2516.32,1.00068
"thetas[26,15]",2.38213,0.0510055,2.6286,2.61614,-1.96898,2.36703,6.71711,2690.26,2944.19,1.00257
"thetas[26,16]",-0.5671,0.0553979,2.58313,2.61004,-4.73129,-0.579571,3.66801,2270.94,2991.9,1.00406
"thetas[26,17]",2.81269,0.0514077,2.56366,2.59736,-1.22686,2.74829,7.09017,2579.15,2863.92,1.00318
"thetas[26,18]",6.29038,0.0556234,2.58467,2.60622,1.93449,6.37946,10.4542,2258.02,2830.84,1.00222
"thetas[26,19]",2.07734,0.0532248,2.56907,2.53942,-2.29329,2.11496,6.25063,2382.69,2507.68,1.00276
"thetas[26,20]",0.459403,0.0582881,2.5631,2.59016,-3.77935,0.456433,4.58185,1959.08,2330.37,1.00304
"thetas[26,21]",-1.88359,0.0543002,2.59485,2.58945,-6.18814,-1.87889,2.37753,2322.21,2643.85,1.00137
"thetas[26,22]",2.04159,0.058273,2.56129,2.58113,-2.1495,2.04857,6.32621,1960.56,2774.02,1.00175
"thetas[26,23]",4.44381,0.0585017,2.5806,2.6564,0.225256,4.43993,8.55364,1992.2,2623.62,1.00109
"thetas[26,24]",2.22832,0.0532681,2.57179,2.51396,-1.96838,2.24094,6.42019,2436.82,2549.79,1.00229
"thetas[26,25]",5.7415,0.0481015,2.68573,2.78088,1.31662,5.7698,10.0417,3182.42,2950.6,1.00113
"thetas[27,1]",4.0149,0.0560822,2.92515,2.9377,-0.895794,4.00497,8.87782,2757.95,2833.32,1.00117
"thetas[27,2]",5.51185,0.0583833,2.63834,2.5998,1.04021,5.54128,9.8187,2088.25,2504.86,1.00034
"thetas[27,3]",2.79509,0.056367,2.65113,2.66793,-1.58179,2.79225,7.05054,2240.19,2319.11,1.00181
"thetas[27,4]",0.889873,0.0559382,2.65265,2.68031,-3.43693,0.906946,5.21088,2248.79,2716.21,1.00078
"thetas[27,5]",5.92258,0.05366,2.62425,2.6538,1.63209,5.90938,10.2044,2386.15,2325.03,1.00144
"thetas[27,6]",6.74979,0.0553797,2.60045,2.59596,2.47714,6.78658,11.0961,2226.0,2391.15,1.00127
"thetas[27,7]",4.07429,0.0537762,2.6348,2.63187,-0.278501,4.0567,8.43774,2523.19,2813.89,1.00212
"thetas[27,8]",5.80182,0.0498059,2.58965,2.5869,1.52761,5.79953,10.0903,2710.61,2789.58,1.00053
"thetas[27,9]",7.2407,0.0500268,2.66674,2.5866,2.77097,7.27821,11.5248,2847.14,2920.05,1.00071
"thetas[27,10]",4.17595,0.0574097,2.54817,2.52725,-0.0187538,4.18574,8.31731,1986.69,2601.51,1.00408
"thetas[27,11]",7.16131,0.0466857,2.55625,2.57465,2.94675,7.17318,11.3595,3006.52,3013.24,1.00251
"thetas[27,12]",4.75035,0.0514911,2.53896,2.51952,0.565297,4.73264,9.05961,2461.89,2998.91,1.003
"thetas[27,13]",1.30195,0.0586971,2.6188,2.65029,-2.9996,1.32724,5.69145,2014.02,2552.36,1.00312
"thetas[27,14]",0.661017,0.0569018,2.60391,2.66031,-3.53884,0.609112,4.89654,2168.27,2279.5,1.00302
"thetas[27,15]",2.88242,0.0557455,2.60661,2.58433,-1.37724,2.81599,7.20037,2258.69,2581.07,1.00232
"thetas[27,16]",5.6006,0.0521684,2.58377,2.56837,1.38848,5.60648,9.80171,2475.97,2562.67,1.00197
"thetas[27,17]",4.57942,0.0522287,2.58296,2.70188,0.340305,4.61366,8.70801,2455.67,2852.89,1.00134
"thetas[27,18]",4.97073,0.0526594,2.55273,2.48531,0.886603,4.91132,9.24966,2382.52,3131.17,1.00233
"thetas[27,19]",4.03219,0.0456486,2.60084,2.55491,-0.180717,4.01157,8.41457,3318.75,2822.98,1.00029
"thetas[27,20]",1.33336,0.0495257,2.63661,2.65344,-2.99487,1.31959,5.73469,2971.77,2622.57,1.00105
"thetas[27,21]",3.12241,0.0495355,2.62416,2.65861,-1.14626,3.13799,7.51152,2883.16,2715.57,1.00126
"thetas[27,22]",-0.999606,0.0517356,2.5748,2.57609,-5.20662,-1.01381,3.25408,2513.05,2846.75,1.00146
"thetas[27,23]",-0.955779,0.05148,2.52149,2.52863,-5.10315,-0.949396,3.1171,2469.55,2896.13,1.0018
"thetas[27,24]",-0.281506,0.0486312,2.52757,2.44195,-4.48995,-0.28773,4.07312,2757.63,2648.8,0.999885
"thetas[27,25]",1.31746,0.0447611,2.55804,2.56202,-2.87796,1.29791,5.50355,3310.41,2834.74,1.00085
"thetas[28,1]",-0.940007,0.0543932,2.83729,2.83423,-5.71345,-0.939779,3.59598,2962.16,3046.32,1.00302
"thetas[28,2]",4.06906,0.0549131,2.66631,2.60445,-0.433636,4.14138,8.35063,2382.06,2881.49,0.999996
"thetas[28,3]",1.29943,0.0562356,2.69781,2.6843,-3.09118,1.26811,5.82932,2312.1,2913.26,1.00055
"thetas[28,4]",-0.33343,0.0595101,2.58597,2.60546,-4.59913,-0.269921,3.87231,1928.45,2524.77,1.00095
"thetas[28,5]",-9.32006,0.0543315,2.62702,2.64904,-13.6437,-9.30309,-5.01943,2330.55,2525.81,1.00106
"thetas[28,6]",-10.1433,0.0501277,2.64272,2.63792,-14.4733,-10.1497,-5.65507,2818.44,2792.85,1.00138
"thetas[28,7]",-8.26296,0.0436096,2.54334,2.52018,-12.5639,-8.27473,-4.06316,3412.97,2788.18,1.0011
"thetas[28,8]",-8.36564,0.0441976,2.57837,2.59689,-12.5805,-8.38802,-4.13922,3444.0,2693.53,1.0011
"thetas[28,9]",-4.21817,0.0532648,2.52558,2.54136,-8.32706,-4.21218,-0.118081,2281.15,2794.85,1.00394
"thetas[28,10]",-0.590898,0.0540448,2.59881,2.58318,-4.88783,-0.531814,3.6675,2315.93,2576.41,1.00255
"thetas[28,11]",-1.36512,0.0546276,2.58005,2.57282,-5.64658,-1.33577,2.94984,2279.47,3062.39,1.00249
"thetas[28,12]",5.78644,0.0576561,2.57757,2.55511,1.42614,5.76633,10.1041,2050.04,2704.74,1.00114
"thetas[28,13]",7.4213,0.0527613,2.59337,2.58765,3.15703,7.40458,11.7067,2484.31,2616.85,1.00106
"thetas[28,14]",6.22782,0.0503374,2.67746,2.69063,1.83306,6.23123,10.6218,2848.2,2525.62,1.00085
"thetas[28,15]",-0.354184,0.0487508,2.55879,2.56011,-4.52023,-0.378881,3.84748,2835.92,2589.27,1.00017
"thetas[28,16]",-5.60387,0.0599621,2.63692,2.67029,-9.89486,-5.62983,-1.26638,2001.31,2881.74,1.00204
"thetas[28,17]",-7.36214,0.0612811,2.57436,2.57591,-11.5929,-7.34258,-3.0578,1807.31,2734.83,1.00269
"thetas[28,18]",-3.59569,0.0544084,2.57811,2.54018,-7.8326,-3.58501,0.630844,2271.13,2829.27,1.00144
"thetas[28,19]",-2.34826,0.0536936,2.58851,2.58155,-6.65685,-2.35327,1.92911,2356.67,2887.62,1.00142
"thetas[28,20]",6.13888,0.0566377,2.60709,2.61669,1.98315,6.12099,10.4786,2157.58,2786.58,1.00245
"thetas[28,21]",2.37222,0.0550934,2.5374,2.56607,-1.91804,2.38705,6.49623,2166.22,2934.89,1.00412
"thetas[28,22]",3.95595,0.0535694,2.4823,2.51204,-0.112693,3.92745,8.08051,2177.11,2467.59,1.00165
"thetas[28,23]",7.40197,0.0486066,2.596,2.59566,3.04618,7.35973,11.6132,2875.54,2484.27,1.00127
"thetas[28,24]",8.10677,0.0438758,2.49816,2.50091,4.0611,8.07433,12.2131,3284.28,3163.26,1.00116
"thetas[28,25]",0.743008,0.0488523,2.68595,2.68656,-3.67842,0.75561,5.26333,3092.78,2969.65,1.00083
"thetas[29,1]",-2.84556,0.0587846,2.85595,2.80869,-7.50904,-2.86309,1.8892,2415.94,2495.85,1.00061
"thetas[29,2]",-1.1755,0.0587888,2.61989,2.59478,-5.44196,-1.10089,3.11022,2021.06,2176.18,1.00487
"thetas[29,3]",-0.491232,0.0525754,2.57569,2.61161,-4.59624,-0.447455,3.69161,2450.2,3028.66,1.00162
"thetas[29,4]",1.73781,0.056563,2.59841,2.52565,-2.53374,1.74395,6.05191,2138.74,2568.8,1.00205
"thetas[29,5]",0.160982,0.054017,2.62177,2.55733,-4.13,0.145846,4.47306,2403.59,2586.36,1.00058
"thetas[29,6]",4.89766,0.0515468,2.69306,2.63193,0.454666,4.93813,9.33407,2744.55,2768.15,1.00167
"thetas[29,7]",-0.41031,0.0512342,2.60173,2.59795,-4.6205,-0.457611,4.02688,2693.09,2909.08,1.00147
"thetas[29,8]",0.914574,0.0503547,2.61758,2.58504,-3.39583,0.905291,5.26441,2733.18,2486.05,1.00283
"thetas[29,9]",-5.00204,0.0500624,2.58392,2.6591,-9.28634,-5.02358,-0.772874,2677.64,2789.42,1.00171
"thetas[29,10]",-6.88863,0.0474477,2.58954,2.55235,-11.0965,-6.9209,-2.67985,3019.72,2794.02,1.00153
"thetas[29,11]",-5.53806,0.0538073,2.60492,2.5962,-9.90454,-5.49742,-1.32135,2431.95,2722.77,1.00312
"thetas[29,12]",0.863471,0.05826,2.67008,2.66935,-3.48896,0.842299,5.23621,2129.82,2814.29,1.00223
"thetas[29,13]",8.3793,0.0526445,2.61579,2.64932,4.03838,8.33486,12.6895,2499.46,2868.39,1.00105
"thetas[29,14]",9.81875,0.0540147,2.61148,2.63877,5.62477,9.67722,14.1227,2391.54,2138.42,1.0003
"thetas[29,15]",8.88597,0.0468642,2.56739,2.55893,4.63595,8.93747,13.1077,3070.34,2536.28,1.00034
"thetas[29,16]",7.96412,0.0513976,2.59133,2.62742,3.72123,7.97239,12.0826,2640.38,3071.26,1.00072
"thetas[29,17]",4.07645,0.0712379,2.655,2.65558,-0.333633,4.10187,8.38535,1439.51,2432.2,1.00392
"thetas[29,18]",2.614,0.0560928,2.50507,2.49026,-1.47948,2.61284,6.74024,2237.32,2714.31,1.00212
"thetas[29,19]",3.96539,0.0601346,2.61355,2.55233,-0.399828,3.94937,8.18209,1981.2,3033.41,1.00267
"thetas[29,20]",2.76964,0.0666107,2.62321,2.66386,-1.48039,2.74815,7.14732,1662.61,2540.29,1.00214
"thetas[29,21]",4.10538,0.0508095,2.6617,2.69166,-0.119968,4.12307,8.52152,2782.91,2665.07,1.00106
"thetas[29,22]",1.89728,0.0468929,2.49514,2.47036,-2.31339,1.89091,5.97176,2950.44,2592.63,1.00224
"thetas[29,23]",0.290952,0.0455107,2.53574,2.54473,-3.85472,0.263849,4.54399,3131.55,2660.68,1.0015
"thetas[29,24]",-0.712753,0.0481072,2.55302,2.55222,-4.92006,-0.763545,3.57042,2889.84,2685.78,1.00208
"thetas[29,25]",0.414346,0.0489048,2.62714,2.63503,-3.90474,0.446306,4.69315,2974.64,3049.74,1.0012
"thetas[30,1]",5.53847,0.0539233,2.8057,2.78687,0.918849,5.5221,10.2204,2798.67,3032.19,1.00069
"thetas[30,2]",4.08968,0.0599376,2.6187,2.67332,-0.23448,4.06395,8.38596,1940.38,2546.07,1.00102
"thetas[30,3]",6.03363,0.0578203,2.62763,2.63399,1.75365,6.06373,10.4125,2103.02,2572.26,1.00083
"thetas[30,4]",2.06395,0.0516898,2.58561,2.58151,-2.20181,2.06602,6.28239,2549.15,3296.83,1.00011
"thetas[30,5]",-0.677146,0.0541725,2.56559,2.56466,-4.94323,-0.700929,3.51702,2292.58,2423.82,1.00093
"thetas[30,6]",-1.0035,0.0481542,2.58971,2.60008,-5.28068,-1.03005,3.21507,2884.72,2995.46,1.00117
"thetas[30,7]",-4.49656,0.0518153,2.54918,2.51525,-8.69747,-4.50599,-0.316591,2462.47,2546.2,1.00202
"thetas[30,8]",0.415404,0.0468291,2.65,2.64148,-4.00173,0.364759,4.83157,3270.92,3239.28,1.00163
"thetas[30,9]",0.452553,0.0505517,2.58393,2.58977,-3.76417,0.465079,4.71297,2625.86,2314.68,1.00102
"thetas[30,10]",-4.10815,0.0455331,2.59859,2.60005,-8.32879,-4.10783,0.13063,3282.97,2954.85,1.00273
"thetas[30,11]",-1.84377,0.0512837,2.62052,2.66119,-6.08417,-1.83534,2.48671,2671.94,2919.19,1.0017
"thetas[30,12]",-6.92314,0.0547545,2.60558,2.5757,-11.204,-6.92925,-2.6543,2327.75,2758.47,1.00156
"thetas[30,13]",-2.25953,0.0533292,2.6066,2.64412,-6.59061,-2.20545,1.95304,2416.17,2824.93,1.00047
"thetas[30,14]",-3.98935,0.0482634,2.54201,2.50588,-8.18806,-4.00952,0.165169,2802.02,2927.35,1.00118
"thetas[30,15]",-6.46636,0.0524623,2.55985,2.59262,-10.6647,-6.46169,-2.21856,2397.25,2842.06,1.00355
"thetas[30,16]",-4.84148,0.0545285,2.59125,2.5705,-9.12861,-4.85175,-0.597156,2290.72,2541.0,1.0018
"thetas[30,17]",-1.30301,0.0531148,2.59145,2.61974,-5.56381,-1.31928,3.00136,2406.9,2963.98,1.00131
"thetas[30,18]",-1.72861,0.0519861,2.52106,2.48899,-5.96075,-1.71858,2.42255,2383.01,2426.51,1.00139
"thetas[30,19]",-1.8188,0.0526497,2.67207,2.67735,-6.2149,-1.83937,2.50399,2626.83,2281.12,1.00216
"thetas[30,20]",1.15793,0.0510092,2.60363,2.5974,-3.15421,1.19287,5.42563,2693.52,2829.42,1.00117
"thetas[30,21]",6.11218,0.0463443,2.59295,2.58127,1.90813,6.08206,10.3854,3157.4,2963.01,0.999649
"thetas[30,22]",6.26549,0.0604027,2.55621,2.56028,2.13963,6.28619,10.4319,1861.01,3139.55,1.0018
"thetas[30,23]",0.317073,0.0599312,2.644,2.62624,-3.97034,0.3129,4.6812,2013.72,2414.15,1.00212
"thetas[30,24]",1.50005,0.0495166,2.54914,2.46995,-2.85667,1.54363,5.64146,2657.99,2583.91,1.00245
"thetas[30,25]",4.40562,0.0465228,2.71053,2.67353,-0.0230517,4.41139,8.90314,3414.64,3192.19,1.00092
"thetas[31,1]",5.77538,0.0528807,2.81569,2.86081,1.25,5.73059,10.4524,2852.6,2814.49,1.00202
"thetas[31,2]",0.219282,0.0529098,2.69687,2.69052,-4.16466,0.252806,4.54479,2616.64,2930.32,1.00198
"thetas[31,3]",2.06352,0.0519612,2.63499,2.7235,-2.25959,2.05638,6.37685,2610.31,3045.26,1.00019
"thetas[31,4]",3.75354,0.0508748,2.6032,2.59165,-0.514315,3.77755,8.1574,2656.44,2838.85,1.00155
"thetas[31,5]",-2.94944,0.0494979,2.61016,2.6154,-7.33441,-2.90355,1.31654,2844.81,3277.58,1.00078
"thetas[31,6]",-5.1356,0.0471972,2.5345,2.5335,-9.23195,-5.14786,-0.986924,2864.4,2348.89,1.00262
"thetas[31,7]",-1.86931,0.0472366,2.61006,2.55177,-6.07223,-1.88186,2.48865,3078.61,2775.21,1.00095
"thetas[31,8]",1.0029,0.0476634,2.59035,2.66694,-3.31691,1.01241,5.24923,3084.54,2991.97,1.00154
"thetas[31,9]",5.11987,0.0514431,2.68414,2.75833,0.720007,5.13896,9.47519,2755.71,2856.64,0.999849
"thetas[31,10]",-0.559274,0.0485565,2.58976,2.59904,-4.81152,-0.621493,3.71914,2870.13,2504.5,1.00125
"thetas[31,11]",-0.0530634,0.0554441,2.56587,2.58381,-4.38782,-0.0382386,4.15684,2175.77,2916.85,1.00177
"thetas[31,12]",-1.53585,0.0531775,2.64067,2.57151,-5.90051,-1.57265,2.81388,2492.71,2488.55,1.00241
"thetas[31,13]",-6.34976,0.0521487,2.6149,2.52782,-10.6182,-6.34138,-2.00852,2581.07,2504.81,1.0014
"thetas[31,14]",-4.06175,0.0485932,2.60034,2.59156,-8.39805,-4.08562,0.214886,2932.83,3027.6,1.00068
"thetas[31,15]",-9.03219,0.0472695,2.55635,2.5276,-13.2788,-9.02426,-4.89408,2946.11,2925.11,1.00194
"thetas[31,16]",-7.29049,0.0525132,2.51973,2.56143,-11.4331,-7.24995,-3.20103,2353.78,2996.78,1.00112
"thetas[31,17]",-2.40466,0.0576326,2.65671,2.58627,-6.91116,-2.34384,1.91642,2157.92,2707.57,1.00222
"thetas[31,18]",-1.92947,0.0487536,2.56446,2.61353,-6.2417,-1.93919,2.31421,2789.02,2634.45,1.00014
"thetas[31,19]",0.142552,0.0482174,2.60472,2.6201,-4.08108,0.158915,4.27651,2952.55,3058.81,1.00048
"thetas[31,20]",2.47341,0.0563363,2.59701,2.53514,-1.78038,2.46439,6.74313,2138.93,2104.41,1.00177
"thetas[31,21]",2.01371,0.0493773,2.58286,2.50161,-2.19532,1.96012,6.32331,2789.17,2525.07,1.00017
"thetas[31,22]",1.83512,0.0548214,2.54357,2.56567,-2.3368,1.8249,5.98696,2179.34,2754.17,1.00259
"thetas[31,23]",-2.5181,0.0538166,2.58541,2.69458,-6.76326,-2.5243,1.68688,2355.13,2370.19,1.00129
"thetas[31,24]",-4.15376,0.0530201,2.57905,2.59745,-8.36533,-4.19952,0.0106882,2364.98,3011.56,1.00128
"thetas[31,25]",-6.37615,0.0487495,2.63234,2.72301,-10.7403,-6.36617,-2.14365,2937.2,2764.51,1.00117
"thetas[32,1]",0.156218,0.0539874,2.75925,2.7548,-4.37964,0.192687,4.69156,2670.39,2827.62,1.0004
"thetas[32,2]",-2.67921,0.0527321,2.60719,2.65416,-6.91316,-2.65297,1.59051,2484.62,2783.33,1.00088
"thetas[32,3]",-3.37245,0.0526506,2.65806,2.57074,-7.77721,-3.42212,1.04564,2600.62,2367.72,1.00031
"thetas[32,4]",-3.89778,0.0500685,2.61072,2.60311,-8.12791,-3.93907,0.432976,2719.06,2703.3,1.00053
"thetas[32,5]",-1.80891,0.0570657,2.59017,2.57813,-5.99858,-1.83323,2.40765,2085.05,2646.78,1.00289
"thetas[32,6]",1.79327,0.0548916,2.57996,2.5689,-2.41198,1.78846,6.0396,2223.03,2439.53,1.00058
"thetas[32,7]",-1.37616,0.0537799,2.58352,2.57184,-5.70403,-1.35908,2.78573,2305.6,3024.18,1.00058
"thetas[32,8]",1.27256,0.0583161,2.6062,2.60204,-2.98152,1.23986,5.65912,2026.9,2752.47,1.00108
"thetas[32,9]",-1.52509,0.0487406,2.62376,2.55464,-5.99691,-1.56891,2.79478,2883.18,2523.03,1.00195
"thetas[32,10]",-3.62829,0.0481403,2.6166,2.57797,-8.00398,-3.6547,0.684036,2982.15,2969.67,1.00111
"thetas[32,11]",-3.73464,0.0530601,2.591,2.55075,-8.01382,-3.75679,0.518985,2348.62,2611.24,1.00206
"thetas[32,12]",-3.2707,0.0517008,2.61005,2.60748,-7.55376,-3.25685,0.95802,2567.55,2616.7,1.00114
"thetas[32,13]",-0.127682,0.0530065,2.59918,2.54777,-4.37271,-0.112439,4.0597,2464.18,2780.76,1.0013
"thetas[32,14]",-6.01608,0.0572676,2.6021,2.6007,-10.2796,-6.01393,-1.67685,2086.47,3053.31,1.00037
"thetas[32,15]",-6.33992,0.0545919,2.61992,2.6898,-10.6364,-6.31907,-2.1627,2345.23,2758.16,1.00164
"thetas[32,16]",-1.13612,0.0513577,2.57811,2.59285,-5.38968,-1.15804,3.15531,2539.93,2606.17,1.00289
"thetas[32,17]",0.262031,0.0510317,2.58502,2.60338,-3.98489,0.212693,4.48517,2627.67,3003.49,1.00162
"thetas[32,18]",-1.67973,0.0536565,2.5388,2.58468,-5.83303,-1.69456,2.41467,2282.27,2347.73,1.00098
"thetas[32,19]",-4.61264,0.0506603,2.55869,2.45029,-8.82202,-4.6746,-0.370943,2638.78,2216.49,1.00141
"thetas[32,20]",-7.34862,0.0500002,2.56444,2.56777,-11.5153,-7.32451,-3.08005,2682.95,2657.85,1.00107
"thetas[32,21]",-2.27717,0.047028,2.57967,2.57688,-6.55858,-2.32234,1.92462,3086.15,2932.64,1.00084
"thetas[32,22]",-3.56264,0.0481695,2.57052,2.55579,-7.69564,-3.59229,0.708592,2871.88,2750.07,1.00203
"thetas[32,23]",-2.74513,0.0526307,2.54139,2.55616,-6.93536,-2.76314,1.46773,2388.21,2626.75,1.00082
"thetas[32,24]",-6.38505,0.0531807,2.54774,2.55268,-10.6512,-6.3791,-2.25091,2381.96,2199.08,1.00228
"thetas[32,25]",1.26069,0.0496414,2.68345,2.70272,-3.15673,1.24233,5.61335,2974.5,2551.87,1.00117
sigma_games,12.6588,0.00174075,0.116264,0.114753,12.4697,12.6566,12.8587,4473.7,2958.77,0.999878
sigma_teams,5.76922,0.0200228,0.981122,0.937114,4.32944,5.68857,7.52658,2408.37,3047.63,1.0015
sigma_seasons,4.09733,0.00602205,0.196159,0.191937,3.77003,4.09891,4.41733,1062.72,1486.91,1.00372
phi_s,0.626584,0.00108237,0.0395614,0.0383304,0.560507,0.626885,0.690419,1347.03,1917.21,1.00198
